INSERT INTO `yarizaman`.`roles` (`role_id`, `role_type`) VALUES ('1', 'ilan_sahibi');

INSERT INTO `yarizaman`.`calisma_tipi` (`id`, `c_type`) VALUES ('1', 'Tam Zamanlı');

INSERT INTO `yarizaman`.`calisma_tipi` (`id`, `c_type`) VALUES ('2', 'Yarı Zamanlı');

INSERT INTO `yarizaman`.`users` (`user_id`, `email`, `enabled`, `name`, `password`, `password_confirm`, `surname`, `telefon`, `role_id`) VALUES ('1', 'ksmgns@gmail.com', true, 'kasım', 'Ksmgns49', 'Ksmgns49', 'güneş', '56565', '1');


INSERT INTO `il` (`il_id`,`isim`) VALUES  ('1','ADANA');
INSERT INTO `il` (`il_id`,`isim`) VALUES  ('2','ADIYAMAN');
INSERT INTO `il` (`il_id`,`isim`) VALUES  ('3','AFYONKARAHİSAR');
INSERT INTO `il` (`il_id`,`isim`) VALUES  ('4','AĞRI');
INSERT INTO `il` (`il_id`,`isim`) VALUES  ('5','AMASYA');
INSERT INTO `il` (`il_id`,`isim`) VALUES  ('6','ANKARA');
INSERT INTO `il` (`il_id`,`isim`) VALUES  ('7','ANTALYA');
INSERT INTO `il` (`il_id`,`isim`) VALUES  ('8','ARTVİN');
INSERT INTO `il` (`il_id`,`isim`) VALUES  ('9','AYDIN');
INSERT INTO `il` (`il_id`,`isim`) VALUES  ('10','BALIKESİR');
INSERT INTO `il` (`il_id`,`isim`) VALUES  ('11','BİLECİK');
INSERT INTO `il` (`il_id`,`isim`) VALUES  ('12','BİNGÖL');
INSERT INTO `il` (`il_id`,`isim`) VALUES  ('13','BİTLİS');
INSERT INTO `il` (`il_id`,`isim`) VALUES  ('14','BOLU');
INSERT INTO `il` (`il_id`,`isim`) VALUES  ('15','BURDUR');
INSERT INTO `il` (`il_id`,`isim`) VALUES  ('16','BURSA');
INSERT INTO `il` (`il_id`,`isim`) VALUES  ('17','ÇANAKKALE');
INSERT INTO `il` (`il_id`,`isim`) VALUES  ('18','ÇANKIRI');
INSERT INTO `il` (`il_id`,`isim`) VALUES  ('19','ÇORUM');
INSERT INTO `il` (`il_id`,`isim`) VALUES  ('20','DENİZLİ');
INSERT INTO `il` (`il_id`,`isim`) VALUES  ('21','DİYARBAKIR');
INSERT INTO `il` (`il_id`,`isim`) VALUES  ('22','EDİRNE');
INSERT INTO `il` (`il_id`,`isim`) VALUES  ('23','ELAZIĞ');
INSERT INTO `il` (`il_id`,`isim`) VALUES  ('24','ERZİNCAN');
INSERT INTO `il` (`il_id`,`isim`) VALUES  ('25','ERZURUM');
INSERT INTO `il` (`il_id`,`isim`) VALUES  ('26','ESKİŞEHİR');
INSERT INTO `il` (`il_id`,`isim`) VALUES  ('27','GAZİANTEP');
INSERT INTO `il` (`il_id`,`isim`) VALUES  ('28','GİRESUN');
INSERT INTO `il` (`il_id`,`isim`) VALUES  ('29','GÜMÜŞHANE');
INSERT INTO `il` (`il_id`,`isim`) VALUES  ('30','HAKKARİ');
INSERT INTO `il` (`il_id`,`isim`) VALUES  ('31','HATAY');
INSERT INTO `il` (`il_id`,`isim`) VALUES  ('32','ISPARTA');
INSERT INTO `il` (`il_id`,`isim`) VALUES  ('33','MERSİN(İÇEL)');
INSERT INTO `il` (`il_id`,`isim`) VALUES  ('34','İSTANBUL');
INSERT INTO `il` (`il_id`,`isim`) VALUES  ('35','İZMİR');
INSERT INTO `il` (`il_id`,`isim`) VALUES  ('36','KARS');
INSERT INTO `il` (`il_id`,`isim`) VALUES  ('37','KASTAMONU');
INSERT INTO `il` (`il_id`,`isim`) VALUES  ('38','KAYSERİ');
INSERT INTO `il` (`il_id`,`isim`) VALUES  ('39','KIRKLARELİ');
INSERT INTO `il` (`il_id`,`isim`) VALUES  ('40','KIRŞEHİR');
INSERT INTO `il` (`il_id`,`isim`) VALUES  ('41','KOCAELİ');
INSERT INTO `il` (`il_id`,`isim`) VALUES  ('42','KONYA');
INSERT INTO `il` (`il_id`,`isim`) VALUES  ('43','KÜTAHYA');
INSERT INTO `il` (`il_id`,`isim`) VALUES  ('44','MALATYA');
INSERT INTO `il` (`il_id`,`isim`) VALUES  ('45','MANİSA');
INSERT INTO `il` (`il_id`,`isim`) VALUES  ('46','KAHRAMANMARAŞ');
INSERT INTO `il` (`il_id`,`isim`) VALUES  ('47','MARDİN');
INSERT INTO `il` (`il_id`,`isim`) VALUES  ('48','MUĞLA');
INSERT INTO `il` (`il_id`,`isim`) VALUES  ('49','MUŞ');
INSERT INTO `il` (`il_id`,`isim`) VALUES  ('50','NEVŞEHİR');
INSERT INTO `il` (`il_id`,`isim`) VALUES  ('51','NİĞDE');
INSERT INTO `il` (`il_id`,`isim`) VALUES  ('52','ORDU');
INSERT INTO `il` (`il_id`,`isim`) VALUES  ('53','RİZE');
INSERT INTO `il` (`il_id`,`isim`) VALUES  ('54','SAKARYA');
INSERT INTO `il` (`il_id`,`isim`) VALUES  ('55','SAMSUN');
INSERT INTO `il` (`il_id`,`isim`) VALUES  ('56','SİİRT');
INSERT INTO `il` (`il_id`,`isim`) VALUES  ('57','SİNOP');
INSERT INTO `il` (`il_id`,`isim`) VALUES  ('58','SİVAS');
INSERT INTO `il` (`il_id`,`isim`) VALUES  ('59','TEKİRDAĞ');
INSERT INTO `il` (`il_id`,`isim`) VALUES  ('60','TOKAT');
INSERT INTO `il` (`il_id`,`isim`) VALUES  ('61','TRABZON');
INSERT INTO `il` (`il_id`,`isim`) VALUES  ('62','TUNCELİ');
INSERT INTO `il` (`il_id`,`isim`) VALUES  ('63','ŞANLIURFA');
INSERT INTO `il` (`il_id`,`isim`) VALUES  ('64','UŞAK');
INSERT INTO `il` (`il_id`,`isim`) VALUES  ('65','VAN');
INSERT INTO `il` (`il_id`,`isim`) VALUES  ('66','YOZGAT');
INSERT INTO `il` (`il_id`,`isim`) VALUES  ('67','ZONGULDAK');
INSERT INTO `il` (`il_id`,`isim`) VALUES  ('68','AKSARAY');
INSERT INTO `il` (`il_id`,`isim`) VALUES  ('69','BAYBURT');
INSERT INTO `il` (`il_id`,`isim`) VALUES  ('70','KARAMAN');
INSERT INTO `il` (`il_id`,`isim`) VALUES  ('71','KIRIKKALE');
INSERT INTO `il` (`il_id`,`isim`) VALUES  ('72','BATMAN');
INSERT INTO `il` (`il_id`,`isim`) VALUES  ('73','ŞIRNAK');
INSERT INTO `il` (`il_id`,`isim`) VALUES  ('74','BARTIN');
INSERT INTO `il` (`il_id`,`isim`) VALUES  ('75','ARDAHAN');
INSERT INTO `il` (`il_id`,`isim`) VALUES  ('76','IĞDIR');
INSERT INTO `il` (`il_id`,`isim`) VALUES  ('77','YALOVA');
INSERT INTO `il` (`il_id`,`isim`) VALUES  ('78','KARABÜK');
INSERT INTO `il` (`il_id`,`isim`) VALUES  ('79','KİLİS');
INSERT INTO `il` (`il_id`,`isim`) VALUES  ('80','OSMANİYE');
INSERT INTO `il` (`il_id`,`isim`) VALUES  ('81','DÜZCE');


INSERT INTO `ilce` (`il_id`,`isim`) VALUES ('1','SEYHAN');
INSERT INTO `ilce` (`il_id`,`isim`) VALUES ('1','YÜREĞİR');
INSERT INTO `ilce` (`il_id`,`isim`) VALUES ('1','SARIÇAM');
INSERT INTO `ilce` (`il_id`,`isim`) VALUES ('1','ÇUKUROVA');
INSERT INTO `ilce` (`il_id`,`isim`) VALUES ('1','ALADAĞ(KARSANTI)');
INSERT INTO `ilce` (`il_id`,`isim`) VALUES ('1','CEYHAN');
INSERT INTO `ilce` (`il_id`,`isim`) VALUES ('1','FEKE');
INSERT INTO `ilce` (`il_id`,`isim`) VALUES ('1','İMAMOĞLU');
INSERT INTO `ilce` (`il_id`,`isim`) VALUES ('1','KARAİSALI');
INSERT INTO `ilce` (`il_id`,`isim`) VALUES ('1','KARATAŞ');
INSERT INTO `ilce` (`il_id`,`isim`) VALUES ('1','KOZAN');
INSERT INTO `ilce` (`il_id`,`isim`) VALUES ('1','POZANTI');
INSERT INTO `ilce` (`il_id`,`isim`) VALUES ('1','SAİMBEYLİ');
INSERT INTO `ilce` (`il_id`,`isim`) VALUES ('1','TUFANBEYLİ');
INSERT INTO `ilce` (`il_id`,`isim`) VALUES ('1','YUMURTALIK');
INSERT INTO `ilce` (`il_id`,`isim`) VALUES ('2','ADIYAMAN');
INSERT INTO `ilce` (`il_id`,`isim`) VALUES ('2','BESNİ');
INSERT INTO `ilce` (`il_id`,`isim`) VALUES ('2','ÇELİKHAN');
INSERT INTO `ilce` (`il_id`,`isim`) VALUES ('2','GERGER');
INSERT INTO `ilce` (`il_id`,`isim`) VALUES ('2','GÖLBAŞI');
INSERT INTO `ilce` (`il_id`,`isim`) VALUES ('2','KAHTA');
INSERT INTO `ilce` (`il_id`,`isim`) VALUES ('2','SAMSAT');
INSERT INTO `ilce` (`il_id`,`isim`) VALUES ('2','SİNCİK');
INSERT INTO `ilce` (`il_id`,`isim`) VALUES ('2','TUT');
INSERT INTO `ilce` (`il_id`,`isim`) VALUES ('3','AFYONKARAHİSAR');
INSERT INTO `ilce` (`il_id`,`isim`) VALUES ('3','BAŞMAKÇI');
INSERT INTO `ilce` (`il_id`,`isim`) VALUES ('3','BAYAT');
INSERT INTO `ilce` (`il_id`,`isim`) VALUES ('3','BOLVADİN');
INSERT INTO `ilce` (`il_id`,`isim`) VALUES ('3','ÇAY');
INSERT INTO `ilce` (`il_id`,`isim`) VALUES ('3','ÇOBANLAR');
INSERT INTO `ilce` (`il_id`,`isim`) VALUES ('3','DAZKIRI');
INSERT INTO `ilce` (`il_id`,`isim`) VALUES ('3','DİNAR');
INSERT INTO `ilce` (`il_id`,`isim`) VALUES ('3','EMİRDAĞ');
INSERT INTO `ilce` (`il_id`,`isim`) VALUES ('3','EVCİLER');
INSERT INTO `ilce` (`il_id`,`isim`) VALUES ('3','HOCALAR');
INSERT INTO `ilce` (`il_id`,`isim`) VALUES ('3','İHSANİYE');
INSERT INTO `ilce` (`il_id`,`isim`) VALUES ('3','İSCEHİSAR');
INSERT INTO `ilce` (`il_id`,`isim`) VALUES ('3','KIZILÖREN');
INSERT INTO `ilce` (`il_id`,`isim`) VALUES ('3','SANDIKLI');
INSERT INTO `ilce` (`il_id`,`isim`) VALUES ('3','SİNCANLI(SİNANPAŞA)');
INSERT INTO `ilce` (`il_id`,`isim`) VALUES ('3','SULTANDAĞI');
INSERT INTO `ilce` (`il_id`,`isim`) VALUES ('3','ŞUHUT');
INSERT INTO `ilce` (`il_id`,`isim`) VALUES ('4','AĞRI');
INSERT INTO `ilce` (`il_id`,`isim`) VALUES ('4','DİYADİN');
INSERT INTO `ilce` (`il_id`,`isim`) VALUES ('4','DOĞUBEYAZIT');
INSERT INTO `ilce` (`il_id`,`isim`) VALUES ('4','ELEŞKİRT');
INSERT INTO `ilce` (`il_id`,`isim`) VALUES ('4','HAMUR');
INSERT INTO `ilce` (`il_id`,`isim`) VALUES ('4','PATNOS');
INSERT INTO `ilce` (`il_id`,`isim`) VALUES ('4','TAŞLIÇAY');
INSERT INTO `ilce` (`il_id`,`isim`) VALUES ('4','TUTAK');
INSERT INTO `ilce` (`il_id`,`isim`) VALUES ('5','AMASYA');
INSERT INTO `ilce` (`il_id`,`isim`) VALUES ('5','GÖYNÜCEK');
INSERT INTO `ilce` (`il_id`,`isim`) VALUES ('5','GÜMÜŞHACIKÖY');
INSERT INTO `ilce` (`il_id`,`isim`) VALUES ('5','HAMAMÖZÜ');
INSERT INTO `ilce` (`il_id`,`isim`) VALUES ('5','MERZİFON');
INSERT INTO `ilce` (`il_id`,`isim`) VALUES ('5','SULUOVA');
INSERT INTO `ilce` (`il_id`,`isim`) VALUES ('5','TAŞOVA');
INSERT INTO `ilce` (`il_id`,`isim`) VALUES ('6','ALTINDAĞ');
INSERT INTO `ilce` (`il_id`,`isim`) VALUES ('6','ÇANKAYA');
INSERT INTO `ilce` (`il_id`,`isim`) VALUES ('6','ETİMESGUT');
INSERT INTO `ilce` (`il_id`,`isim`) VALUES ('6','KEÇİÖREN');
INSERT INTO `ilce` (`il_id`,`isim`) VALUES ('6','MAMAK');
INSERT INTO `ilce` (`il_id`,`isim`) VALUES ('6','SİNCAN');
INSERT INTO `ilce` (`il_id`,`isim`) VALUES ('6','YENİMAHALLE');
INSERT INTO `ilce` (`il_id`,`isim`) VALUES ('6','GÖLBAŞI');
INSERT INTO `ilce` (`il_id`,`isim`) VALUES ('6','PURSAKLAR');
INSERT INTO `ilce` (`il_id`,`isim`) VALUES ('6','AKYURT');
INSERT INTO `ilce` (`il_id`,`isim`) VALUES ('6','AYAŞ');
INSERT INTO `ilce` (`il_id`,`isim`) VALUES ('6','BALA');
INSERT INTO `ilce` (`il_id`,`isim`) VALUES ('6','BEYPAZARI');
INSERT INTO `ilce` (`il_id`,`isim`) VALUES ('6','ÇAMLIDERE');
INSERT INTO `ilce` (`il_id`,`isim`) VALUES ('6','ÇUBUK');
INSERT INTO `ilce` (`il_id`,`isim`) VALUES ('6','ELMADAĞ');
INSERT INTO `ilce` (`il_id`,`isim`) VALUES ('6','EVREN');
INSERT INTO `ilce` (`il_id`,`isim`) VALUES ('6','GÜDÜL');
INSERT INTO `ilce` (`il_id`,`isim`) VALUES ('6','HAYMANA');
INSERT INTO `ilce` (`il_id`,`isim`) VALUES ('6','KALECİK');
INSERT INTO `ilce` (`il_id`,`isim`) VALUES ('6','KAZAN');
INSERT INTO `ilce` (`il_id`,`isim`) VALUES ('6','KIZILCAHAMAM');
INSERT INTO `ilce` (`il_id`,`isim`) VALUES ('6','NALLIHAN');
INSERT INTO `ilce` (`il_id`,`isim`) VALUES ('6','POLATLI');
INSERT INTO `ilce` (`il_id`,`isim`) VALUES ('6','ŞEREFLİKOÇHİSAR');
INSERT INTO `ilce` (`il_id`,`isim`) VALUES ('7','MURATPAŞA');
INSERT INTO `ilce` (`il_id`,`isim`) VALUES ('7','KEPEZ');
INSERT INTO `ilce` (`il_id`,`isim`) VALUES ('7','KONYAALTI');
INSERT INTO `ilce` (`il_id`,`isim`) VALUES ('7','AKSU');
INSERT INTO `ilce` (`il_id`,`isim`) VALUES ('7','DÖŞEMEALTI');
INSERT INTO `ilce` (`il_id`,`isim`) VALUES ('7','AKSEKİ');
INSERT INTO `ilce` (`il_id`,`isim`) VALUES ('7','ALANYA');
INSERT INTO `ilce` (`il_id`,`isim`) VALUES ('7','ELMALI');
INSERT INTO `ilce` (`il_id`,`isim`) VALUES ('7','FİNİKE');
INSERT INTO `ilce` (`il_id`,`isim`) VALUES ('7','GAZİPAŞA');
INSERT INTO `ilce` (`il_id`,`isim`) VALUES ('7','GÜNDOĞMUŞ');
INSERT INTO `ilce` (`il_id`,`isim`) VALUES ('7','İBRADI(AYDINKENT)');
INSERT INTO `ilce` (`il_id`,`isim`) VALUES ('7','KALE(DEMRE)');
INSERT INTO `ilce` (`il_id`,`isim`) VALUES ('7','KAŞ');
INSERT INTO `ilce` (`il_id`,`isim`) VALUES ('7','KEMER');
INSERT INTO `ilce` (`il_id`,`isim`) VALUES ('7','KORKUTELİ');
INSERT INTO `ilce` (`il_id`,`isim`) VALUES ('7','KUMLUCA');
INSERT INTO `ilce` (`il_id`,`isim`) VALUES ('7','MANAVGAT');
INSERT INTO `ilce` (`il_id`,`isim`) VALUES ('7','SERİK');
INSERT INTO `ilce` (`il_id`,`isim`) VALUES ('8','ARTVİN');
INSERT INTO `ilce` (`il_id`,`isim`) VALUES ('8','ARDANUÇ');
INSERT INTO `ilce` (`il_id`,`isim`) VALUES ('8','ARHAVİ');
INSERT INTO `ilce` (`il_id`,`isim`) VALUES ('8','BORÇKA');
INSERT INTO `ilce` (`il_id`,`isim`) VALUES ('8','HOPA');
INSERT INTO `ilce` (`il_id`,`isim`) VALUES ('8','MURGUL(GÖKTAŞ)');
INSERT INTO `ilce` (`il_id`,`isim`) VALUES ('8','ŞAVŞAT');
INSERT INTO `ilce` (`il_id`,`isim`) VALUES ('8','YUSUFELİ');
INSERT INTO `ilce` (`il_id`,`isim`) VALUES ('9','AYDIN');
INSERT INTO `ilce` (`il_id`,`isim`) VALUES ('9','BOZDOĞAN');
INSERT INTO `ilce` (`il_id`,`isim`) VALUES ('9','BUHARKENT(ÇUBUKDAĞI)');
INSERT INTO `ilce` (`il_id`,`isim`) VALUES ('9','ÇİNE');
INSERT INTO `ilce` (`il_id`,`isim`) VALUES ('9','GERMENCİK');
INSERT INTO `ilce` (`il_id`,`isim`) VALUES ('9','İNCİRLİOVA');
INSERT INTO `ilce` (`il_id`,`isim`) VALUES ('9','KARACASU');
INSERT INTO `ilce` (`il_id`,`isim`) VALUES ('9','KARPUZLU');
INSERT INTO `ilce` (`il_id`,`isim`) VALUES ('9','KOÇARLI');
INSERT INTO `ilce` (`il_id`,`isim`) VALUES ('9','KÖŞK');
INSERT INTO `ilce` (`il_id`,`isim`) VALUES ('9','KUŞADASI');
INSERT INTO `ilce` (`il_id`,`isim`) VALUES ('9','KUYUCAK');
INSERT INTO `ilce` (`il_id`,`isim`) VALUES ('9','NAZİLLİ');
INSERT INTO `ilce` (`il_id`,`isim`) VALUES ('9','SÖKE');
INSERT INTO `ilce` (`il_id`,`isim`) VALUES ('9','SULTANHİSAR');
INSERT INTO `ilce` (`il_id`,`isim`) VALUES ('9','DİDİM(YENİHİSAR)');
INSERT INTO `ilce` (`il_id`,`isim`) VALUES ('9','YENİPAZAR');
INSERT INTO `ilce` (`il_id`,`isim`) VALUES ('10','BALIKESİR');
INSERT INTO `ilce` (`il_id`,`isim`) VALUES ('10','AYVALIK');
INSERT INTO `ilce` (`il_id`,`isim`) VALUES ('10','BALYA');
INSERT INTO `ilce` (`il_id`,`isim`) VALUES ('10','BANDIRMA');
INSERT INTO `ilce` (`il_id`,`isim`) VALUES ('10','BİGADİÇ');
INSERT INTO `ilce` (`il_id`,`isim`) VALUES ('10','BURHANİYE');
INSERT INTO `ilce` (`il_id`,`isim`) VALUES ('10','DURSUNBEY');
INSERT INTO `ilce` (`il_id`,`isim`) VALUES ('10','EDREMİT');
INSERT INTO `ilce` (`il_id`,`isim`) VALUES ('10','ERDEK');
INSERT INTO `ilce` (`il_id`,`isim`) VALUES ('10','GÖMEÇ');
INSERT INTO `ilce` (`il_id`,`isim`) VALUES ('10','GÖNEN');
INSERT INTO `ilce` (`il_id`,`isim`) VALUES ('10','HAVRAN');
INSERT INTO `ilce` (`il_id`,`isim`) VALUES ('10','İVRİNDİ');
INSERT INTO `ilce` (`il_id`,`isim`) VALUES ('10','KEPSUT');
INSERT INTO `ilce` (`il_id`,`isim`) VALUES ('10','MANYAS');
INSERT INTO `ilce` (`il_id`,`isim`) VALUES ('10','MARMARA');
INSERT INTO `ilce` (`il_id`,`isim`) VALUES ('10','SAVAŞTEPE');
INSERT INTO `ilce` (`il_id`,`isim`) VALUES ('10','SINDIRGI');
INSERT INTO `ilce` (`il_id`,`isim`) VALUES ('10','SUSURLUK');
INSERT INTO `ilce` (`il_id`,`isim`) VALUES ('11','BİLECİK');
INSERT INTO `ilce` (`il_id`,`isim`) VALUES ('11','BOZÜYÜK');
INSERT INTO `ilce` (`il_id`,`isim`) VALUES ('11','GÖLPAZARI');
INSERT INTO `ilce` (`il_id`,`isim`) VALUES ('11','İNHİSAR');
INSERT INTO `ilce` (`il_id`,`isim`) VALUES ('11','OSMANELİ');
INSERT INTO `ilce` (`il_id`,`isim`) VALUES ('11','PAZARYERİ');
INSERT INTO `ilce` (`il_id`,`isim`) VALUES ('11','SÖĞÜT');
INSERT INTO `ilce` (`il_id`,`isim`) VALUES ('11','YENİPAZAR');
INSERT INTO `ilce` (`il_id`,`isim`) VALUES ('12','BİNGÖL');
INSERT INTO `ilce` (`il_id`,`isim`) VALUES ('12','ADAKLI');
INSERT INTO `ilce` (`il_id`,`isim`) VALUES ('12','GENÇ');
INSERT INTO `ilce` (`il_id`,`isim`) VALUES ('12','KARLIOVA');
INSERT INTO `ilce` (`il_id`,`isim`) VALUES ('12','KIĞI');
INSERT INTO `ilce` (`il_id`,`isim`) VALUES ('12','SOLHAN');
INSERT INTO `ilce` (`il_id`,`isim`) VALUES ('12','YAYLADERE');
INSERT INTO `ilce` (`il_id`,`isim`) VALUES ('12','YEDİSU');
INSERT INTO `ilce` (`il_id`,`isim`) VALUES ('13','BİTLİS');
INSERT INTO `ilce` (`il_id`,`isim`) VALUES ('13','ADİLCEVAZ');
INSERT INTO `ilce` (`il_id`,`isim`) VALUES ('13','AHLAT');
INSERT INTO `ilce` (`il_id`,`isim`) VALUES ('13','GÜROYMAK');
INSERT INTO `ilce` (`il_id`,`isim`) VALUES ('13','HİZAN');
INSERT INTO `ilce` (`il_id`,`isim`) VALUES ('13','MUTKİ');
INSERT INTO `ilce` (`il_id`,`isim`) VALUES ('13','TATVAN');
INSERT INTO `ilce` (`il_id`,`isim`) VALUES ('14','BOLU');
INSERT INTO `ilce` (`il_id`,`isim`) VALUES ('14','DÖRTDİVAN');
INSERT INTO `ilce` (`il_id`,`isim`) VALUES ('14','GEREDE');
INSERT INTO `ilce` (`il_id`,`isim`) VALUES ('14','GÖYNÜK');
INSERT INTO `ilce` (`il_id`,`isim`) VALUES ('14','KIBRISCIK');
INSERT INTO `ilce` (`il_id`,`isim`) VALUES ('14','MENGEN');
INSERT INTO `ilce` (`il_id`,`isim`) VALUES ('14','MUDURNU');
INSERT INTO `ilce` (`il_id`,`isim`) VALUES ('14','SEBEN');
INSERT INTO `ilce` (`il_id`,`isim`) VALUES ('14','YENİÇAĞA');
INSERT INTO `ilce` (`il_id`,`isim`) VALUES ('15','BURDUR');
INSERT INTO `ilce` (`il_id`,`isim`) VALUES ('15','AĞLASUN');
INSERT INTO `ilce` (`il_id`,`isim`) VALUES ('15','ALTINYAYLA(DİRMİL)');
INSERT INTO `ilce` (`il_id`,`isim`) VALUES ('15','BUCAK');
INSERT INTO `ilce` (`il_id`,`isim`) VALUES ('15','ÇAVDIR');
INSERT INTO `ilce` (`il_id`,`isim`) VALUES ('15','ÇELTİKÇİ');
INSERT INTO `ilce` (`il_id`,`isim`) VALUES ('15','GÖLHİSAR');
INSERT INTO `ilce` (`il_id`,`isim`) VALUES ('15','KARAMANLI');
INSERT INTO `ilce` (`il_id`,`isim`) VALUES ('15','KEMER');
INSERT INTO `ilce` (`il_id`,`isim`) VALUES ('15','TEFENNİ');
INSERT INTO `ilce` (`il_id`,`isim`) VALUES ('15','YEŞİLOVA');
INSERT INTO `ilce` (`il_id`,`isim`) VALUES ('16','NİLÜFER');
INSERT INTO `ilce` (`il_id`,`isim`) VALUES ('16','OSMANGAZİ');
INSERT INTO `ilce` (`il_id`,`isim`) VALUES ('16','YILDIRIM');
INSERT INTO `ilce` (`il_id`,`isim`) VALUES ('16','BÜYÜKORHAN');
INSERT INTO `ilce` (`il_id`,`isim`) VALUES ('16','GEMLİK');
INSERT INTO `ilce` (`il_id`,`isim`) VALUES ('16','GÜRSU');
INSERT INTO `ilce` (`il_id`,`isim`) VALUES ('16','HARMANCIK');
INSERT INTO `ilce` (`il_id`,`isim`) VALUES ('16','İNEGÖL');
INSERT INTO `ilce` (`il_id`,`isim`) VALUES ('16','İZNİK');
INSERT INTO `ilce` (`il_id`,`isim`) VALUES ('16','KARACABEY');
INSERT INTO `ilce` (`il_id`,`isim`) VALUES ('16','KELES');
INSERT INTO `ilce` (`il_id`,`isim`) VALUES ('16','KESTEL');
INSERT INTO `ilce` (`il_id`,`isim`) VALUES ('16','MUDANYA');
INSERT INTO `ilce` (`il_id`,`isim`) VALUES ('16','MUSTAFAKEMALPAŞA');
INSERT INTO `ilce` (`il_id`,`isim`) VALUES ('16','ORHANELİ');
INSERT INTO `ilce` (`il_id`,`isim`) VALUES ('16','ORHANGAZİ');
INSERT INTO `ilce` (`il_id`,`isim`) VALUES ('16','YENİŞEHİR');
INSERT INTO `ilce` (`il_id`,`isim`) VALUES ('17','ÇANAKKALE');
INSERT INTO `ilce` (`il_id`,`isim`) VALUES ('17','AYVACIK');
INSERT INTO `ilce` (`il_id`,`isim`) VALUES ('17','BAYRAMİÇ');
INSERT INTO `ilce` (`il_id`,`isim`) VALUES ('17','BİGA');
INSERT INTO `ilce` (`il_id`,`isim`) VALUES ('17','BOZCAADA');
INSERT INTO `ilce` (`il_id`,`isim`) VALUES ('17','ÇAN');
INSERT INTO `ilce` (`il_id`,`isim`) VALUES ('17','ECEABAT');
INSERT INTO `ilce` (`il_id`,`isim`) VALUES ('17','EZİNE');
INSERT INTO `ilce` (`il_id`,`isim`) VALUES ('17','GELİBOLU');
INSERT INTO `ilce` (`il_id`,`isim`) VALUES ('17','GÖKÇEADA(İMROZ)');
INSERT INTO `ilce` (`il_id`,`isim`) VALUES ('17','LAPSEKİ');
INSERT INTO `ilce` (`il_id`,`isim`) VALUES ('17','YENİCE');
INSERT INTO `ilce` (`il_id`,`isim`) VALUES ('18','ÇANKIRI');
INSERT INTO `ilce` (`il_id`,`isim`) VALUES ('18','ATKARACALAR');
INSERT INTO `ilce` (`il_id`,`isim`) VALUES ('18','BAYRAMÖREN');
INSERT INTO `ilce` (`il_id`,`isim`) VALUES ('18','ÇERKEŞ');
INSERT INTO `ilce` (`il_id`,`isim`) VALUES ('18','ELDİVAN');
INSERT INTO `ilce` (`il_id`,`isim`) VALUES ('18','ILGAZ');
INSERT INTO `ilce` (`il_id`,`isim`) VALUES ('18','KIZILIRMAK');
INSERT INTO `ilce` (`il_id`,`isim`) VALUES ('18','KORGUN');
INSERT INTO `ilce` (`il_id`,`isim`) VALUES ('18','KURŞUNLU');
INSERT INTO `ilce` (`il_id`,`isim`) VALUES ('18','ORTA');
INSERT INTO `ilce` (`il_id`,`isim`) VALUES ('18','ŞABANÖZÜ');
INSERT INTO `ilce` (`il_id`,`isim`) VALUES ('18','YAPRAKLI');
INSERT INTO `ilce` (`il_id`,`isim`) VALUES ('19','ÇORUM');
INSERT INTO `ilce` (`il_id`,`isim`) VALUES ('19','ALACA');
INSERT INTO `ilce` (`il_id`,`isim`) VALUES ('19','BAYAT');
INSERT INTO `ilce` (`il_id`,`isim`) VALUES ('19','BOĞAZKALE');
INSERT INTO `ilce` (`il_id`,`isim`) VALUES ('19','DODURGA');
INSERT INTO `ilce` (`il_id`,`isim`) VALUES ('19','İSKİLİP');
INSERT INTO `ilce` (`il_id`,`isim`) VALUES ('19','KARGI');
INSERT INTO `ilce` (`il_id`,`isim`) VALUES ('19','LAÇİN');
INSERT INTO `ilce` (`il_id`,`isim`) VALUES ('19','MECİTÖZÜ');
INSERT INTO `ilce` (`il_id`,`isim`) VALUES ('19','OĞUZLAR(KARAÖREN)');
INSERT INTO `ilce` (`il_id`,`isim`) VALUES ('19','ORTAKÖY');
INSERT INTO `ilce` (`il_id`,`isim`) VALUES ('19','OSMANCIK');
INSERT INTO `ilce` (`il_id`,`isim`) VALUES ('19','SUNGURLU');
INSERT INTO `ilce` (`il_id`,`isim`) VALUES ('19','UĞURLUDAĞ');
INSERT INTO `ilce` (`il_id`,`isim`) VALUES ('20','DENİZLİ');
INSERT INTO `ilce` (`il_id`,`isim`) VALUES ('20','ACIPAYAM');
INSERT INTO `ilce` (`il_id`,`isim`) VALUES ('20','AKKÖY');
INSERT INTO `ilce` (`il_id`,`isim`) VALUES ('20','BABADAĞ');
INSERT INTO `ilce` (`il_id`,`isim`) VALUES ('20','BAKLAN');
INSERT INTO `ilce` (`il_id`,`isim`) VALUES ('20','BEKİLLİ');
INSERT INTO `ilce` (`il_id`,`isim`) VALUES ('20','BEYAĞAÇ');
INSERT INTO `ilce` (`il_id`,`isim`) VALUES ('20','BOZKURT');
INSERT INTO `ilce` (`il_id`,`isim`) VALUES ('20','BULDAN');
INSERT INTO `ilce` (`il_id`,`isim`) VALUES ('20','ÇAL');
INSERT INTO `ilce` (`il_id`,`isim`) VALUES ('20','ÇAMELİ');
INSERT INTO `ilce` (`il_id`,`isim`) VALUES ('20','ÇARDAK');
INSERT INTO `ilce` (`il_id`,`isim`) VALUES ('20','ÇİVRİL');
INSERT INTO `ilce` (`il_id`,`isim`) VALUES ('20','GÜNEY');
INSERT INTO `ilce` (`il_id`,`isim`) VALUES ('20','HONAZ');
INSERT INTO `ilce` (`il_id`,`isim`) VALUES ('20','KALE');
INSERT INTO `ilce` (`il_id`,`isim`) VALUES ('20','SARAYKÖY');
INSERT INTO `ilce` (`il_id`,`isim`) VALUES ('20','SERİNHİSAR');
INSERT INTO `ilce` (`il_id`,`isim`) VALUES ('20','TAVAS');
INSERT INTO `ilce` (`il_id`,`isim`) VALUES ('21','SUR');
INSERT INTO `ilce` (`il_id`,`isim`) VALUES ('21','BAĞLAR');
INSERT INTO `ilce` (`il_id`,`isim`) VALUES ('21','YENİŞEHİR');
INSERT INTO `ilce` (`il_id`,`isim`) VALUES ('21','KAYAPINAR');
INSERT INTO `ilce` (`il_id`,`isim`) VALUES ('21','BİSMİL');
INSERT INTO `ilce` (`il_id`,`isim`) VALUES ('21','ÇERMİK');
INSERT INTO `ilce` (`il_id`,`isim`) VALUES ('21','ÇINAR');
INSERT INTO `ilce` (`il_id`,`isim`) VALUES ('21','ÇÜNGÜŞ');
INSERT INTO `ilce` (`il_id`,`isim`) VALUES ('21','DİCLE');
INSERT INTO `ilce` (`il_id`,`isim`) VALUES ('21','EĞİL');
INSERT INTO `ilce` (`il_id`,`isim`) VALUES ('21','ERGANİ');
INSERT INTO `ilce` (`il_id`,`isim`) VALUES ('21','HANİ');
INSERT INTO `ilce` (`il_id`,`isim`) VALUES ('21','HAZRO');
INSERT INTO `ilce` (`il_id`,`isim`) VALUES ('21','KOCAKÖY');
INSERT INTO `ilce` (`il_id`,`isim`) VALUES ('21','KULP');
INSERT INTO `ilce` (`il_id`,`isim`) VALUES ('21','LİCE');
INSERT INTO `ilce` (`il_id`,`isim`) VALUES ('21','SİLVAN');
INSERT INTO `ilce` (`il_id`,`isim`) VALUES ('22','EDİRNE');
INSERT INTO `ilce` (`il_id`,`isim`) VALUES ('22','ENEZ');
INSERT INTO `ilce` (`il_id`,`isim`) VALUES ('22','HAVSA');
INSERT INTO `ilce` (`il_id`,`isim`) VALUES ('22','İPSALA');
INSERT INTO `ilce` (`il_id`,`isim`) VALUES ('22','KEŞAN');
INSERT INTO `ilce` (`il_id`,`isim`) VALUES ('22','LALAPAŞA');
INSERT INTO `ilce` (`il_id`,`isim`) VALUES ('22','MERİÇ');
INSERT INTO `ilce` (`il_id`,`isim`) VALUES ('22','SÜLEOĞLU(SÜLOĞLU)');
INSERT INTO `ilce` (`il_id`,`isim`) VALUES ('22','UZUNKÖPRÜ');
INSERT INTO `ilce` (`il_id`,`isim`) VALUES ('23','ELAZIĞ');
INSERT INTO `ilce` (`il_id`,`isim`) VALUES ('23','AĞIN');
INSERT INTO `ilce` (`il_id`,`isim`) VALUES ('23','ALACAKAYA');
INSERT INTO `ilce` (`il_id`,`isim`) VALUES ('23','ARICAK');
INSERT INTO `ilce` (`il_id`,`isim`) VALUES ('23','BASKİL');
INSERT INTO `ilce` (`il_id`,`isim`) VALUES ('23','KARAKOÇAN');
INSERT INTO `ilce` (`il_id`,`isim`) VALUES ('23','KEBAN');
INSERT INTO `ilce` (`il_id`,`isim`) VALUES ('23','KOVANCILAR');
INSERT INTO `ilce` (`il_id`,`isim`) VALUES ('23','MADEN');
INSERT INTO `ilce` (`il_id`,`isim`) VALUES ('23','PALU');
INSERT INTO `ilce` (`il_id`,`isim`) VALUES ('23','SİVRİCE');
INSERT INTO `ilce` (`il_id`,`isim`) VALUES ('24','ERZİNCAN');
INSERT INTO `ilce` (`il_id`,`isim`) VALUES ('24','ÇAYIRLI');
INSERT INTO `ilce` (`il_id`,`isim`) VALUES ('24','İLİÇ(ILIÇ)');
INSERT INTO `ilce` (`il_id`,`isim`) VALUES ('24','KEMAH');
INSERT INTO `ilce` (`il_id`,`isim`) VALUES ('24','KEMALİYE');
INSERT INTO `ilce` (`il_id`,`isim`) VALUES ('24','OTLUKBELİ');
INSERT INTO `ilce` (`il_id`,`isim`) VALUES ('24','REFAHİYE');
INSERT INTO `ilce` (`il_id`,`isim`) VALUES ('24','TERCAN');
INSERT INTO `ilce` (`il_id`,`isim`) VALUES ('24','ÜZÜMLÜ');
INSERT INTO `ilce` (`il_id`,`isim`) VALUES ('25','PALANDÖKEN');
INSERT INTO `ilce` (`il_id`,`isim`) VALUES ('25','YAKUTİYE');
INSERT INTO `ilce` (`il_id`,`isim`) VALUES ('25','AZİZİYE(ILICA)');
INSERT INTO `ilce` (`il_id`,`isim`) VALUES ('25','AŞKALE');
INSERT INTO `ilce` (`il_id`,`isim`) VALUES ('25','ÇAT');
INSERT INTO `ilce` (`il_id`,`isim`) VALUES ('25','HINIS');
INSERT INTO `ilce` (`il_id`,`isim`) VALUES ('25','HORASAN');
INSERT INTO `ilce` (`il_id`,`isim`) VALUES ('25','İSPİR');
INSERT INTO `ilce` (`il_id`,`isim`) VALUES ('25','KARAÇOBAN');
INSERT INTO `ilce` (`il_id`,`isim`) VALUES ('25','KARAYAZI');
INSERT INTO `ilce` (`il_id`,`isim`) VALUES ('25','KÖPRÜKÖY');
INSERT INTO `ilce` (`il_id`,`isim`) VALUES ('25','NARMAN');
INSERT INTO `ilce` (`il_id`,`isim`) VALUES ('25','OLTU');
INSERT INTO `ilce` (`il_id`,`isim`) VALUES ('25','OLUR');
INSERT INTO `ilce` (`il_id`,`isim`) VALUES ('25','PASİNLER');
INSERT INTO `ilce` (`il_id`,`isim`) VALUES ('25','PAZARYOLU');
INSERT INTO `ilce` (`il_id`,`isim`) VALUES ('25','ŞENKAYA');
INSERT INTO `ilce` (`il_id`,`isim`) VALUES ('25','TEKMAN');
INSERT INTO `ilce` (`il_id`,`isim`) VALUES ('25','TORTUM');
INSERT INTO `ilce` (`il_id`,`isim`) VALUES ('25','UZUNDERE');
INSERT INTO `ilce` (`il_id`,`isim`) VALUES ('26','ODUNPAZARI');
INSERT INTO `ilce` (`il_id`,`isim`) VALUES ('26','TEPEBAŞI');
INSERT INTO `ilce` (`il_id`,`isim`) VALUES ('26','ALPU');
INSERT INTO `ilce` (`il_id`,`isim`) VALUES ('26','BEYLİKOVA');
INSERT INTO `ilce` (`il_id`,`isim`) VALUES ('26','ÇİFTELER');
INSERT INTO `ilce` (`il_id`,`isim`) VALUES ('26','GÜNYÜZÜ');
INSERT INTO `ilce` (`il_id`,`isim`) VALUES ('26','HAN');
INSERT INTO `ilce` (`il_id`,`isim`) VALUES ('26','İNÖNÜ');
INSERT INTO `ilce` (`il_id`,`isim`) VALUES ('26','MAHMUDİYE');
INSERT INTO `ilce` (`il_id`,`isim`) VALUES ('26','MİHALGAZİ');
INSERT INTO `ilce` (`il_id`,`isim`) VALUES ('26','MİHALIÇCIK');
INSERT INTO `ilce` (`il_id`,`isim`) VALUES ('26','SARICAKAYA');
INSERT INTO `ilce` (`il_id`,`isim`) VALUES ('26','SEYİTGAZİ');
INSERT INTO `ilce` (`il_id`,`isim`) VALUES ('26','SİVRİHİSAR');
INSERT INTO `ilce` (`il_id`,`isim`) VALUES ('27','ŞAHİNBEY');
INSERT INTO `ilce` (`il_id`,`isim`) VALUES ('27','ŞEHİTKAMİL');
INSERT INTO `ilce` (`il_id`,`isim`) VALUES ('27','OĞUZELİ');
INSERT INTO `ilce` (`il_id`,`isim`) VALUES ('27','ARABAN');
INSERT INTO `ilce` (`il_id`,`isim`) VALUES ('27','İSLAHİYE');
INSERT INTO `ilce` (`il_id`,`isim`) VALUES ('27','KARKAMIŞ');
INSERT INTO `ilce` (`il_id`,`isim`) VALUES ('27','NİZİP');
INSERT INTO `ilce` (`il_id`,`isim`) VALUES ('27','NURDAĞI');
INSERT INTO `ilce` (`il_id`,`isim`) VALUES ('27','YAVUZELİ');
INSERT INTO `ilce` (`il_id`,`isim`) VALUES ('28','GİRESUN');
INSERT INTO `ilce` (`il_id`,`isim`) VALUES ('28','ALUCRA');
INSERT INTO `ilce` (`il_id`,`isim`) VALUES ('28','BULANCAK');
INSERT INTO `ilce` (`il_id`,`isim`) VALUES ('28','ÇAMOLUK');
INSERT INTO `ilce` (`il_id`,`isim`) VALUES ('28','ÇANAKÇI');
INSERT INTO `ilce` (`il_id`,`isim`) VALUES ('28','DERELİ');
INSERT INTO `ilce` (`il_id`,`isim`) VALUES ('28','DOĞANKENT');
INSERT INTO `ilce` (`il_id`,`isim`) VALUES ('28','ESPİYE');
INSERT INTO `ilce` (`il_id`,`isim`) VALUES ('28','EYNESİL');
INSERT INTO `ilce` (`il_id`,`isim`) VALUES ('28','GÖRELE');
INSERT INTO `ilce` (`il_id`,`isim`) VALUES ('28','GÜCE');
INSERT INTO `ilce` (`il_id`,`isim`) VALUES ('28','KEŞAP');
INSERT INTO `ilce` (`il_id`,`isim`) VALUES ('28','PİRAZİZ');
INSERT INTO `ilce` (`il_id`,`isim`) VALUES ('28','ŞEBİNKARAHİSAR');
INSERT INTO `ilce` (`il_id`,`isim`) VALUES ('28','TİREBOLU');
INSERT INTO `ilce` (`il_id`,`isim`) VALUES ('28','YAĞLIDERE');
INSERT INTO `ilce` (`il_id`,`isim`) VALUES ('29','GÜMÜŞHANE');
INSERT INTO `ilce` (`il_id`,`isim`) VALUES ('29','KELKİT');
INSERT INTO `ilce` (`il_id`,`isim`) VALUES ('29','KÖSE');
INSERT INTO `ilce` (`il_id`,`isim`) VALUES ('29','KÜRTÜN');
INSERT INTO `ilce` (`il_id`,`isim`) VALUES ('29','ŞİRAN');
INSERT INTO `ilce` (`il_id`,`isim`) VALUES ('29','TORUL');
INSERT INTO `ilce` (`il_id`,`isim`) VALUES ('30','HAKKARİ');
INSERT INTO `ilce` (`il_id`,`isim`) VALUES ('30','ÇUKURCA');
INSERT INTO `ilce` (`il_id`,`isim`) VALUES ('30','ŞEMDİNLİ');
INSERT INTO `ilce` (`il_id`,`isim`) VALUES ('30','YÜKSEKOVA');
INSERT INTO `ilce` (`il_id`,`isim`) VALUES ('31','ANTAKYA');
INSERT INTO `ilce` (`il_id`,`isim`) VALUES ('31','ALTINÖZÜ');
INSERT INTO `ilce` (`il_id`,`isim`) VALUES ('31','BELEN');
INSERT INTO `ilce` (`il_id`,`isim`) VALUES ('31','DÖRTYOL');
INSERT INTO `ilce` (`il_id`,`isim`) VALUES ('31','ERZİN');
INSERT INTO `ilce` (`il_id`,`isim`) VALUES ('31','HASSA');
INSERT INTO `ilce` (`il_id`,`isim`) VALUES ('31','İSKENDERUN');
INSERT INTO `ilce` (`il_id`,`isim`) VALUES ('31','KIRIKHAN');
INSERT INTO `ilce` (`il_id`,`isim`) VALUES ('31','KUMLU');
INSERT INTO `ilce` (`il_id`,`isim`) VALUES ('31','REYHANLI');
INSERT INTO `ilce` (`il_id`,`isim`) VALUES ('31','SAMANDAĞ');
INSERT INTO `ilce` (`il_id`,`isim`) VALUES ('31','YAYLADAĞI');
INSERT INTO `ilce` (`il_id`,`isim`) VALUES ('32','ISPARTA');
INSERT INTO `ilce` (`il_id`,`isim`) VALUES ('32','AKSU');
INSERT INTO `ilce` (`il_id`,`isim`) VALUES ('32','ATABEY');
INSERT INTO `ilce` (`il_id`,`isim`) VALUES ('32','EĞRİDİR(EĞİRDİR)');
INSERT INTO `ilce` (`il_id`,`isim`) VALUES ('32','GELENDOST');
INSERT INTO `ilce` (`il_id`,`isim`) VALUES ('32','GÖNEN');
INSERT INTO `ilce` (`il_id`,`isim`) VALUES ('32','KEÇİBORLU');
INSERT INTO `ilce` (`il_id`,`isim`) VALUES ('32','SENİRKENT');
INSERT INTO `ilce` (`il_id`,`isim`) VALUES ('32','SÜTÇÜLER');
INSERT INTO `ilce` (`il_id`,`isim`) VALUES ('32','ŞARKİKARAAĞAÇ');
INSERT INTO `ilce` (`il_id`,`isim`) VALUES ('32','ULUBORLU');
INSERT INTO `ilce` (`il_id`,`isim`) VALUES ('32','YALVAÇ');
INSERT INTO `ilce` (`il_id`,`isim`) VALUES ('32','YENİŞARBADEMLİ');
INSERT INTO `ilce` (`il_id`,`isim`) VALUES ('33','AKDENİZ');
INSERT INTO `ilce` (`il_id`,`isim`) VALUES ('33','YENİŞEHİR');
INSERT INTO `ilce` (`il_id`,`isim`) VALUES ('33','TOROSLAR');
INSERT INTO `ilce` (`il_id`,`isim`) VALUES ('33','MEZİTLİ');
INSERT INTO `ilce` (`il_id`,`isim`) VALUES ('33','ANAMUR');
INSERT INTO `ilce` (`il_id`,`isim`) VALUES ('33','AYDINCIK');
INSERT INTO `ilce` (`il_id`,`isim`) VALUES ('33','BOZYAZI');
INSERT INTO `ilce` (`il_id`,`isim`) VALUES ('33','ÇAMLIYAYLA');
INSERT INTO `ilce` (`il_id`,`isim`) VALUES ('33','ERDEMLİ');
INSERT INTO `ilce` (`il_id`,`isim`) VALUES ('33','GÜLNAR (GÜLPINAR)');
INSERT INTO `ilce` (`il_id`,`isim`) VALUES ('33','MUT');
INSERT INTO `ilce` (`il_id`,`isim`) VALUES ('33','SİLİFKE');
INSERT INTO `ilce` (`il_id`,`isim`) VALUES ('33','TARSUS');
INSERT INTO `ilce` (`il_id`,`isim`) VALUES ('34','BAKIRKÖY');
INSERT INTO `ilce` (`il_id`,`isim`) VALUES ('34','BAYRAMPAŞA');
INSERT INTO `ilce` (`il_id`,`isim`) VALUES ('34','BEŞİKTAŞ');
INSERT INTO `ilce` (`il_id`,`isim`) VALUES ('34','BEYOĞLU');
INSERT INTO `ilce` (`il_id`,`isim`) VALUES ('34','ARNAVUTKÖY');
INSERT INTO `ilce` (`il_id`,`isim`) VALUES ('34','EYÜP');
INSERT INTO `ilce` (`il_id`,`isim`) VALUES ('34','FATİH');
INSERT INTO `ilce` (`il_id`,`isim`) VALUES ('34','GAZİOSMANPAŞA');
INSERT INTO `ilce` (`il_id`,`isim`) VALUES ('34','KAĞITHANE');
INSERT INTO `ilce` (`il_id`,`isim`) VALUES ('34','KÜÇÜKÇEKMECE');
INSERT INTO `ilce` (`il_id`,`isim`) VALUES ('34','SARIYER');
INSERT INTO `ilce` (`il_id`,`isim`) VALUES ('34','ŞİŞLİ');
INSERT INTO `ilce` (`il_id`,`isim`) VALUES ('34','ZEYTİNBURNU');
INSERT INTO `ilce` (`il_id`,`isim`) VALUES ('34','AVCILAR');
INSERT INTO `ilce` (`il_id`,`isim`) VALUES ('34','GÜNGÖREN');
INSERT INTO `ilce` (`il_id`,`isim`) VALUES ('34','BAHÇELİEVLER');
INSERT INTO `ilce` (`il_id`,`isim`) VALUES ('34','BAĞCILAR');
INSERT INTO `ilce` (`il_id`,`isim`) VALUES ('34','ESENLER');
INSERT INTO `ilce` (`il_id`,`isim`) VALUES ('34','BAŞAKŞEHİR');
INSERT INTO `ilce` (`il_id`,`isim`) VALUES ('34','BEYLİKDÜZÜ');
INSERT INTO `ilce` (`il_id`,`isim`) VALUES ('34','ESENYURT');
INSERT INTO `ilce` (`il_id`,`isim`) VALUES ('34','SULTANGAZİ');
INSERT INTO `ilce` (`il_id`,`isim`) VALUES ('34','ADALAR');
INSERT INTO `ilce` (`il_id`,`isim`) VALUES ('34','BEYKOZ');
INSERT INTO `ilce` (`il_id`,`isim`) VALUES ('34','KADIKÖY');
INSERT INTO `ilce` (`il_id`,`isim`) VALUES ('34','KARTAL');
INSERT INTO `ilce` (`il_id`,`isim`) VALUES ('34','PENDİK');
INSERT INTO `ilce` (`il_id`,`isim`) VALUES ('34','ÜMRANİYE');
INSERT INTO `ilce` (`il_id`,`isim`) VALUES ('34','ÜSKÜDAR');
INSERT INTO `ilce` (`il_id`,`isim`) VALUES ('34','TUZLA');
INSERT INTO `ilce` (`il_id`,`isim`) VALUES ('34','MALTEPE');
INSERT INTO `ilce` (`il_id`,`isim`) VALUES ('34','ATAŞEHİR');
INSERT INTO `ilce` (`il_id`,`isim`) VALUES ('34','ÇEKMEKÖY');
INSERT INTO `ilce` (`il_id`,`isim`) VALUES ('34','SANCAKTEPE');
INSERT INTO `ilce` (`il_id`,`isim`) VALUES ('34','BÜYÜKÇEKMECE');
INSERT INTO `ilce` (`il_id`,`isim`) VALUES ('34','ÇATALCA');
INSERT INTO `ilce` (`il_id`,`isim`) VALUES ('34','SİLİVRİ');
INSERT INTO `ilce` (`il_id`,`isim`) VALUES ('34','ŞİLE');
INSERT INTO `ilce` (`il_id`,`isim`) VALUES ('34','SULTANBEYLİ');
INSERT INTO `ilce` (`il_id`,`isim`) VALUES ('35','ALİAĞA');
INSERT INTO `ilce` (`il_id`,`isim`) VALUES ('35','BALÇOVA');
INSERT INTO `ilce` (`il_id`,`isim`) VALUES ('35','BAYINDIR');
INSERT INTO `ilce` (`il_id`,`isim`) VALUES ('35','BORNOVA');
INSERT INTO `ilce` (`il_id`,`isim`) VALUES ('35','BUCA');
INSERT INTO `ilce` (`il_id`,`isim`) VALUES ('35','ÇİĞLİ');
INSERT INTO `ilce` (`il_id`,`isim`) VALUES ('35','FOÇA');
INSERT INTO `ilce` (`il_id`,`isim`) VALUES ('35','GAZİEMİR');
INSERT INTO `ilce` (`il_id`,`isim`) VALUES ('35','GÜZELBAHÇE');
INSERT INTO `ilce` (`il_id`,`isim`) VALUES ('35','KARŞIYAKA');
INSERT INTO `ilce` (`il_id`,`isim`) VALUES ('35','KEMALPAŞA');
INSERT INTO `ilce` (`il_id`,`isim`) VALUES ('35','KONAK');
INSERT INTO `ilce` (`il_id`,`isim`) VALUES ('35','CUMAOVASI(MENDERES)');
INSERT INTO `ilce` (`il_id`,`isim`) VALUES ('35','MENEMEN');
INSERT INTO `ilce` (`il_id`,`isim`) VALUES ('35','NARLIDERE');
INSERT INTO `ilce` (`il_id`,`isim`) VALUES ('35','SEFERİHİSAR');
INSERT INTO `ilce` (`il_id`,`isim`) VALUES ('35','SELÇUK');
INSERT INTO `ilce` (`il_id`,`isim`) VALUES ('35','TORBALI');
INSERT INTO `ilce` (`il_id`,`isim`) VALUES ('35','URLA');
INSERT INTO `ilce` (`il_id`,`isim`) VALUES ('35','BAYRAKLI');
INSERT INTO `ilce` (`il_id`,`isim`) VALUES ('35','KARABAĞLAR');
INSERT INTO `ilce` (`il_id`,`isim`) VALUES ('35','BERGAMA');
INSERT INTO `ilce` (`il_id`,`isim`) VALUES ('35','BEYDAĞ');
INSERT INTO `ilce` (`il_id`,`isim`) VALUES ('35','ÇEŞME');
INSERT INTO `ilce` (`il_id`,`isim`) VALUES ('35','DİKİLİ');
INSERT INTO `ilce` (`il_id`,`isim`) VALUES ('35','KARABURUN');
INSERT INTO `ilce` (`il_id`,`isim`) VALUES ('35','KINIK');
INSERT INTO `ilce` (`il_id`,`isim`) VALUES ('35','KİRAZ');
INSERT INTO `ilce` (`il_id`,`isim`) VALUES ('35','ÖDEMİŞ');
INSERT INTO `ilce` (`il_id`,`isim`) VALUES ('35','TİRE');
INSERT INTO `ilce` (`il_id`,`isim`) VALUES ('36','KARS');
INSERT INTO `ilce` (`il_id`,`isim`) VALUES ('36','AKYAKA');
INSERT INTO `ilce` (`il_id`,`isim`) VALUES ('36','ARPAÇAY');
INSERT INTO `ilce` (`il_id`,`isim`) VALUES ('36','DİGOR');
INSERT INTO `ilce` (`il_id`,`isim`) VALUES ('36','KAĞIZMAN');
INSERT INTO `ilce` (`il_id`,`isim`) VALUES ('36','SARIKAMIŞ');
INSERT INTO `ilce` (`il_id`,`isim`) VALUES ('36','SELİM');
INSERT INTO `ilce` (`il_id`,`isim`) VALUES ('36','SUSUZ');
INSERT INTO `ilce` (`il_id`,`isim`) VALUES ('37','KASTAMONU');
INSERT INTO `ilce` (`il_id`,`isim`) VALUES ('37','ABANA');
INSERT INTO `ilce` (`il_id`,`isim`) VALUES ('37','AĞLI');
INSERT INTO `ilce` (`il_id`,`isim`) VALUES ('37','ARAÇ');
INSERT INTO `ilce` (`il_id`,`isim`) VALUES ('37','AZDAVAY');
INSERT INTO `ilce` (`il_id`,`isim`) VALUES ('37','BOZKURT');
INSERT INTO `ilce` (`il_id`,`isim`) VALUES ('37','CİDE');
INSERT INTO `ilce` (`il_id`,`isim`) VALUES ('37','ÇATALZEYTİN');
INSERT INTO `ilce` (`il_id`,`isim`) VALUES ('37','DADAY');
INSERT INTO `ilce` (`il_id`,`isim`) VALUES ('37','DEVREKANİ');
INSERT INTO `ilce` (`il_id`,`isim`) VALUES ('37','DOĞANYURT');
INSERT INTO `ilce` (`il_id`,`isim`) VALUES ('37','HANÖNÜ(GÖKÇEAĞAÇ)');
INSERT INTO `ilce` (`il_id`,`isim`) VALUES ('37','İHSANGAZİ');
INSERT INTO `ilce` (`il_id`,`isim`) VALUES ('37','İNEBOLU');
INSERT INTO `ilce` (`il_id`,`isim`) VALUES ('37','KÜRE');
INSERT INTO `ilce` (`il_id`,`isim`) VALUES ('37','PINARBAŞI');
INSERT INTO `ilce` (`il_id`,`isim`) VALUES ('37','SEYDİLER');
INSERT INTO `ilce` (`il_id`,`isim`) VALUES ('37','ŞENPAZAR');
INSERT INTO `ilce` (`il_id`,`isim`) VALUES ('37','TAŞKÖPRÜ');
INSERT INTO `ilce` (`il_id`,`isim`) VALUES ('37','TOSYA');
INSERT INTO `ilce` (`il_id`,`isim`) VALUES ('38','KOCASİNAN');
INSERT INTO `ilce` (`il_id`,`isim`) VALUES ('38','MELİKGAZİ');
INSERT INTO `ilce` (`il_id`,`isim`) VALUES ('38','TALAS');
INSERT INTO `ilce` (`il_id`,`isim`) VALUES ('38','AKKIŞLA');
INSERT INTO `ilce` (`il_id`,`isim`) VALUES ('38','BÜNYAN');
INSERT INTO `ilce` (`il_id`,`isim`) VALUES ('38','DEVELİ');
INSERT INTO `ilce` (`il_id`,`isim`) VALUES ('38','FELAHİYE');
INSERT INTO `ilce` (`il_id`,`isim`) VALUES ('38','HACILAR');
INSERT INTO `ilce` (`il_id`,`isim`) VALUES ('38','İNCESU');
INSERT INTO `ilce` (`il_id`,`isim`) VALUES ('38','ÖZVATAN(ÇUKUR)');
INSERT INTO `ilce` (`il_id`,`isim`) VALUES ('38','PINARBAŞI');
INSERT INTO `ilce` (`il_id`,`isim`) VALUES ('38','SARIOĞLAN');
INSERT INTO `ilce` (`il_id`,`isim`) VALUES ('38','SARIZ');
INSERT INTO `ilce` (`il_id`,`isim`) VALUES ('38','TOMARZA');
INSERT INTO `ilce` (`il_id`,`isim`) VALUES ('38','YAHYALI');
INSERT INTO `ilce` (`il_id`,`isim`) VALUES ('38','YEŞİLHİSAR');
INSERT INTO `ilce` (`il_id`,`isim`) VALUES ('39','KIRKLARELİ');
INSERT INTO `ilce` (`il_id`,`isim`) VALUES ('39','BABAESKİ');
INSERT INTO `ilce` (`il_id`,`isim`) VALUES ('39','DEMİRKÖY');
INSERT INTO `ilce` (`il_id`,`isim`) VALUES ('39','KOFÇAZ');
INSERT INTO `ilce` (`il_id`,`isim`) VALUES ('39','LÜLEBURGAZ');
INSERT INTO `ilce` (`il_id`,`isim`) VALUES ('39','PEHLİVANKÖY');
INSERT INTO `ilce` (`il_id`,`isim`) VALUES ('39','PINARHİSAR');
INSERT INTO `ilce` (`il_id`,`isim`) VALUES ('39','VİZE');
INSERT INTO `ilce` (`il_id`,`isim`) VALUES ('40','KIRŞEHİR');
INSERT INTO `ilce` (`il_id`,`isim`) VALUES ('40','AKÇAKENT');
INSERT INTO `ilce` (`il_id`,`isim`) VALUES ('40','AKPINAR');
INSERT INTO `ilce` (`il_id`,`isim`) VALUES ('40','BOZTEPE');
INSERT INTO `ilce` (`il_id`,`isim`) VALUES ('40','ÇİÇEKDAĞI');
INSERT INTO `ilce` (`il_id`,`isim`) VALUES ('40','KAMAN');
INSERT INTO `ilce` (`il_id`,`isim`) VALUES ('40','MUCUR');
INSERT INTO `ilce` (`il_id`,`isim`) VALUES ('41','İZMİT');
INSERT INTO `ilce` (`il_id`,`isim`) VALUES ('41','BAŞİSKELE');
INSERT INTO `ilce` (`il_id`,`isim`) VALUES ('41','ÇAYIROVA');
INSERT INTO `ilce` (`il_id`,`isim`) VALUES ('41','DARICA');
INSERT INTO `ilce` (`il_id`,`isim`) VALUES ('41','DİLOVASI');
INSERT INTO `ilce` (`il_id`,`isim`) VALUES ('41','KARTEPE');
INSERT INTO `ilce` (`il_id`,`isim`) VALUES ('41','GEBZE');
INSERT INTO `ilce` (`il_id`,`isim`) VALUES ('41','GÖLCÜK');
INSERT INTO `ilce` (`il_id`,`isim`) VALUES ('41','KANDIRA');
INSERT INTO `ilce` (`il_id`,`isim`) VALUES ('41','KARAMÜRSEL');
INSERT INTO `ilce` (`il_id`,`isim`) VALUES ('41','TÜTÜNÇİFTLİK');
INSERT INTO `ilce` (`il_id`,`isim`) VALUES ('41','DERİNCE');
INSERT INTO `ilce` (`il_id`,`isim`) VALUES ('42','KARATAY');
INSERT INTO `ilce` (`il_id`,`isim`) VALUES ('42','MERAM');
INSERT INTO `ilce` (`il_id`,`isim`) VALUES ('42','SELÇUKLU');
INSERT INTO `ilce` (`il_id`,`isim`) VALUES ('42','AHIRLI');
INSERT INTO `ilce` (`il_id`,`isim`) VALUES ('42','AKÖREN');
INSERT INTO `ilce` (`il_id`,`isim`) VALUES ('42','AKŞEHİR');
INSERT INTO `ilce` (`il_id`,`isim`) VALUES ('42','ALTINEKİN');
INSERT INTO `ilce` (`il_id`,`isim`) VALUES ('42','BEYŞEHİR');
INSERT INTO `ilce` (`il_id`,`isim`) VALUES ('42','BOZKIR');
INSERT INTO `ilce` (`il_id`,`isim`) VALUES ('42','CİHANBEYLİ');
INSERT INTO `ilce` (`il_id`,`isim`) VALUES ('42','ÇELTİK');
INSERT INTO `ilce` (`il_id`,`isim`) VALUES ('42','ÇUMRA');
INSERT INTO `ilce` (`il_id`,`isim`) VALUES ('42','DERBENT');
INSERT INTO `ilce` (`il_id`,`isim`) VALUES ('42','DEREBUCAK');
INSERT INTO `ilce` (`il_id`,`isim`) VALUES ('42','DOĞANHİSAR');
INSERT INTO `ilce` (`il_id`,`isim`) VALUES ('42','EMİRGAZİ');
INSERT INTO `ilce` (`il_id`,`isim`) VALUES ('42','EREĞLİ');
INSERT INTO `ilce` (`il_id`,`isim`) VALUES ('42','GÜNEYSINIR');
INSERT INTO `ilce` (`il_id`,`isim`) VALUES ('42','HADİM');
INSERT INTO `ilce` (`il_id`,`isim`) VALUES ('42','HALKAPINAR');
INSERT INTO `ilce` (`il_id`,`isim`) VALUES ('42','HÜYÜK');
INSERT INTO `ilce` (`il_id`,`isim`) VALUES ('42','ILGIN');
INSERT INTO `ilce` (`il_id`,`isim`) VALUES ('42','KADINHANI');
INSERT INTO `ilce` (`il_id`,`isim`) VALUES ('42','KARAPINAR');
INSERT INTO `ilce` (`il_id`,`isim`) VALUES ('42','KULU');
INSERT INTO `ilce` (`il_id`,`isim`) VALUES ('42','SARAYÖNÜ');
INSERT INTO `ilce` (`il_id`,`isim`) VALUES ('42','SEYDİŞEHİR');
INSERT INTO `ilce` (`il_id`,`isim`) VALUES ('42','TAŞKENT');
INSERT INTO `ilce` (`il_id`,`isim`) VALUES ('42','TUZLUKÇU');
INSERT INTO `ilce` (`il_id`,`isim`) VALUES ('42','YALIHÜYÜK');
INSERT INTO `ilce` (`il_id`,`isim`) VALUES ('42','YUNAK');
INSERT INTO `ilce` (`il_id`,`isim`) VALUES ('43','KÜTAHYA');
INSERT INTO `ilce` (`il_id`,`isim`) VALUES ('43','ALTINTAŞ');
INSERT INTO `ilce` (`il_id`,`isim`) VALUES ('43','ASLANAPA');
INSERT INTO `ilce` (`il_id`,`isim`) VALUES ('43','ÇAVDARHİSAR');
INSERT INTO `ilce` (`il_id`,`isim`) VALUES ('43','DOMANİÇ');
INSERT INTO `ilce` (`il_id`,`isim`) VALUES ('43','DUMLUPINAR');
INSERT INTO `ilce` (`il_id`,`isim`) VALUES ('43','EMET');
INSERT INTO `ilce` (`il_id`,`isim`) VALUES ('43','GEDİZ');
INSERT INTO `ilce` (`il_id`,`isim`) VALUES ('43','HİSARCIK');
INSERT INTO `ilce` (`il_id`,`isim`) VALUES ('43','PAZARLAR');
INSERT INTO `ilce` (`il_id`,`isim`) VALUES ('43','SİMAV');
INSERT INTO `ilce` (`il_id`,`isim`) VALUES ('43','ŞAPHANE');
INSERT INTO `ilce` (`il_id`,`isim`) VALUES ('43','TAVŞANLI');
INSERT INTO `ilce` (`il_id`,`isim`) VALUES ('43','TUNÇBİLEK');
INSERT INTO `ilce` (`il_id`,`isim`) VALUES ('44','MALATYA');
INSERT INTO `ilce` (`il_id`,`isim`) VALUES ('44','AKÇADAĞ');
INSERT INTO `ilce` (`il_id`,`isim`) VALUES ('44','ARAPKİR');
INSERT INTO `ilce` (`il_id`,`isim`) VALUES ('44','ARGUVAN');
INSERT INTO `ilce` (`il_id`,`isim`) VALUES ('44','BATTALGAZİ');
INSERT INTO `ilce` (`il_id`,`isim`) VALUES ('44','DARENDE');
INSERT INTO `ilce` (`il_id`,`isim`) VALUES ('44','DOĞANŞEHİR');
INSERT INTO `ilce` (`il_id`,`isim`) VALUES ('44','DOĞANYOL');
INSERT INTO `ilce` (`il_id`,`isim`) VALUES ('44','HEKİMHAN');
INSERT INTO `ilce` (`il_id`,`isim`) VALUES ('44','KALE');
INSERT INTO `ilce` (`il_id`,`isim`) VALUES ('44','KULUNCAK');
INSERT INTO `ilce` (`il_id`,`isim`) VALUES ('44','PÖTÜRGE');
INSERT INTO `ilce` (`il_id`,`isim`) VALUES ('44','YAZIHAN');
INSERT INTO `ilce` (`il_id`,`isim`) VALUES ('44','YEŞİLYURT');
INSERT INTO `ilce` (`il_id`,`isim`) VALUES ('45','MANİSA');
INSERT INTO `ilce` (`il_id`,`isim`) VALUES ('45','AHMETLİ');
INSERT INTO `ilce` (`il_id`,`isim`) VALUES ('45','AKHİSAR');
INSERT INTO `ilce` (`il_id`,`isim`) VALUES ('45','ALAŞEHİR');
INSERT INTO `ilce` (`il_id`,`isim`) VALUES ('45','DEMİRCİ');
INSERT INTO `ilce` (`il_id`,`isim`) VALUES ('45','GÖLMARMARA');
INSERT INTO `ilce` (`il_id`,`isim`) VALUES ('45','GÖRDES');
INSERT INTO `ilce` (`il_id`,`isim`) VALUES ('45','KIRKAĞAÇ');
INSERT INTO `ilce` (`il_id`,`isim`) VALUES ('45','KÖPRÜBAŞI');
INSERT INTO `ilce` (`il_id`,`isim`) VALUES ('45','KULA');
INSERT INTO `ilce` (`il_id`,`isim`) VALUES ('45','SALİHLİ');
INSERT INTO `ilce` (`il_id`,`isim`) VALUES ('45','SARIGÖL');
INSERT INTO `ilce` (`il_id`,`isim`) VALUES ('45','SARUHANLI');
INSERT INTO `ilce` (`il_id`,`isim`) VALUES ('45','SELENDİ');
INSERT INTO `ilce` (`il_id`,`isim`) VALUES ('45','SOMA');
INSERT INTO `ilce` (`il_id`,`isim`) VALUES ('45','TURGUTLU');
INSERT INTO `ilce` (`il_id`,`isim`) VALUES ('46','KAHRAMANMARAŞ');
INSERT INTO `ilce` (`il_id`,`isim`) VALUES ('46','AFŞİN');
INSERT INTO `ilce` (`il_id`,`isim`) VALUES ('46','ANDIRIN');
INSERT INTO `ilce` (`il_id`,`isim`) VALUES ('46','ÇAĞLAYANCERİT');
INSERT INTO `ilce` (`il_id`,`isim`) VALUES ('46','EKİNÖZÜ');
INSERT INTO `ilce` (`il_id`,`isim`) VALUES ('46','ELBİSTAN');
INSERT INTO `ilce` (`il_id`,`isim`) VALUES ('46','GÖKSUN');
INSERT INTO `ilce` (`il_id`,`isim`) VALUES ('46','NURHAK');
INSERT INTO `ilce` (`il_id`,`isim`) VALUES ('46','PAZARCIK');
INSERT INTO `ilce` (`il_id`,`isim`) VALUES ('46','TÜRKOĞLU');
INSERT INTO `ilce` (`il_id`,`isim`) VALUES ('47','MARDİN');
INSERT INTO `ilce` (`il_id`,`isim`) VALUES ('47','DARGEÇİT');
INSERT INTO `ilce` (`il_id`,`isim`) VALUES ('47','DERİK');
INSERT INTO `ilce` (`il_id`,`isim`) VALUES ('47','KIZILTEPE');
INSERT INTO `ilce` (`il_id`,`isim`) VALUES ('47','MAZIDAĞI');
INSERT INTO `ilce` (`il_id`,`isim`) VALUES ('47','MİDYAT(ESTEL)');
INSERT INTO `ilce` (`il_id`,`isim`) VALUES ('47','NUSAYBİN');
INSERT INTO `ilce` (`il_id`,`isim`) VALUES ('47','ÖMERLİ');
INSERT INTO `ilce` (`il_id`,`isim`) VALUES ('47','SAVUR');
INSERT INTO `ilce` (`il_id`,`isim`) VALUES ('47','YEŞİLLİ');
INSERT INTO `ilce` (`il_id`,`isim`) VALUES ('48','MUĞLA');
INSERT INTO `ilce` (`il_id`,`isim`) VALUES ('48','BODRUM');
INSERT INTO `ilce` (`il_id`,`isim`) VALUES ('48','DALAMAN');
INSERT INTO `ilce` (`il_id`,`isim`) VALUES ('48','DATÇA');
INSERT INTO `ilce` (`il_id`,`isim`) VALUES ('48','FETHİYE');
INSERT INTO `ilce` (`il_id`,`isim`) VALUES ('48','KAVAKLIDERE');
INSERT INTO `ilce` (`il_id`,`isim`) VALUES ('48','KÖYCEĞİZ');
INSERT INTO `ilce` (`il_id`,`isim`) VALUES ('48','MARMARİS');
INSERT INTO `ilce` (`il_id`,`isim`) VALUES ('48','MİLAS');
INSERT INTO `ilce` (`il_id`,`isim`) VALUES ('48','ORTACA');
INSERT INTO `ilce` (`il_id`,`isim`) VALUES ('48','ULA');
INSERT INTO `ilce` (`il_id`,`isim`) VALUES ('48','YATAĞAN');
INSERT INTO `ilce` (`il_id`,`isim`) VALUES ('49','MUŞ');
INSERT INTO `ilce` (`il_id`,`isim`) VALUES ('49','BULANIK');
INSERT INTO `ilce` (`il_id`,`isim`) VALUES ('49','HASKÖY');
INSERT INTO `ilce` (`il_id`,`isim`) VALUES ('49','KORKUT');
INSERT INTO `ilce` (`il_id`,`isim`) VALUES ('49','MALAZGİRT');
INSERT INTO `ilce` (`il_id`,`isim`) VALUES ('49','VARTO');
INSERT INTO `ilce` (`il_id`,`isim`) VALUES ('50','NEVŞEHİR');
INSERT INTO `ilce` (`il_id`,`isim`) VALUES ('50','ACIGÖL');
INSERT INTO `ilce` (`il_id`,`isim`) VALUES ('50','AVANOS');
INSERT INTO `ilce` (`il_id`,`isim`) VALUES ('50','DERİNKUYU');
INSERT INTO `ilce` (`il_id`,`isim`) VALUES ('50','GÜLŞEHİR');
INSERT INTO `ilce` (`il_id`,`isim`) VALUES ('50','HACIBEKTAŞ');
INSERT INTO `ilce` (`il_id`,`isim`) VALUES ('50','KOZAKLI');
INSERT INTO `ilce` (`il_id`,`isim`) VALUES ('50','ÜRGÜP');
INSERT INTO `ilce` (`il_id`,`isim`) VALUES ('51','NİĞDE');
INSERT INTO `ilce` (`il_id`,`isim`) VALUES ('51','ALTUNHİSAR');
INSERT INTO `ilce` (`il_id`,`isim`) VALUES ('51','BOR');
INSERT INTO `ilce` (`il_id`,`isim`) VALUES ('51','ÇAMARDI');
INSERT INTO `ilce` (`il_id`,`isim`) VALUES ('51','ÇİFTLİK(ÖZYURT)');
INSERT INTO `ilce` (`il_id`,`isim`) VALUES ('51','ULUKIŞLA');
INSERT INTO `ilce` (`il_id`,`isim`) VALUES ('52','ORDU');
INSERT INTO `ilce` (`il_id`,`isim`) VALUES ('52','AKKUŞ');
INSERT INTO `ilce` (`il_id`,`isim`) VALUES ('52','AYBASTI');
INSERT INTO `ilce` (`il_id`,`isim`) VALUES ('52','ÇAMAŞ');
INSERT INTO `ilce` (`il_id`,`isim`) VALUES ('52','ÇATALPINAR');
INSERT INTO `ilce` (`il_id`,`isim`) VALUES ('52','ÇAYBAŞI');
INSERT INTO `ilce` (`il_id`,`isim`) VALUES ('52','FATSA');
INSERT INTO `ilce` (`il_id`,`isim`) VALUES ('52','GÖLKÖY');
INSERT INTO `ilce` (`il_id`,`isim`) VALUES ('52','GÜLYALI');
INSERT INTO `ilce` (`il_id`,`isim`) VALUES ('52','GÜRGENTEPE');
INSERT INTO `ilce` (`il_id`,`isim`) VALUES ('52','İKİZCE');
INSERT INTO `ilce` (`il_id`,`isim`) VALUES ('52','KARADÜZ(KABADÜZ)');
INSERT INTO `ilce` (`il_id`,`isim`) VALUES ('52','KABATAŞ');
INSERT INTO `ilce` (`il_id`,`isim`) VALUES ('52','KORGAN');
INSERT INTO `ilce` (`il_id`,`isim`) VALUES ('52','KUMRU');
INSERT INTO `ilce` (`il_id`,`isim`) VALUES ('52','MESUDİYE');
INSERT INTO `ilce` (`il_id`,`isim`) VALUES ('52','PERŞEMBE');
INSERT INTO `ilce` (`il_id`,`isim`) VALUES ('52','ULUBEY');
INSERT INTO `ilce` (`il_id`,`isim`) VALUES ('52','ÜNYE');
INSERT INTO `ilce` (`il_id`,`isim`) VALUES ('53','RİZE');
INSERT INTO `ilce` (`il_id`,`isim`) VALUES ('53','ARDEŞEN');
INSERT INTO `ilce` (`il_id`,`isim`) VALUES ('53','ÇAMLIHEMŞİN');
INSERT INTO `ilce` (`il_id`,`isim`) VALUES ('53','ÇAYELİ');
INSERT INTO `ilce` (`il_id`,`isim`) VALUES ('53','DEREPAZARI');
INSERT INTO `ilce` (`il_id`,`isim`) VALUES ('53','FINDIKLI');
INSERT INTO `ilce` (`il_id`,`isim`) VALUES ('53','GÜNEYSU');
INSERT INTO `ilce` (`il_id`,`isim`) VALUES ('53','HEMŞİN');
INSERT INTO `ilce` (`il_id`,`isim`) VALUES ('53','İKİZDERE');
INSERT INTO `ilce` (`il_id`,`isim`) VALUES ('53','İYİDERE');
INSERT INTO `ilce` (`il_id`,`isim`) VALUES ('53','KALKANDERE');
INSERT INTO `ilce` (`il_id`,`isim`) VALUES ('53','PAZAR');
INSERT INTO `ilce` (`il_id`,`isim`) VALUES ('54','ADAPAZARI');
INSERT INTO `ilce` (`il_id`,`isim`) VALUES ('54','HENDEK');
INSERT INTO `ilce` (`il_id`,`isim`) VALUES ('54','ARİFİYE');
INSERT INTO `ilce` (`il_id`,`isim`) VALUES ('54','ERENLER');
INSERT INTO `ilce` (`il_id`,`isim`) VALUES ('54','SERDİVAN');
INSERT INTO `ilce` (`il_id`,`isim`) VALUES ('54','AKYAZI');
INSERT INTO `ilce` (`il_id`,`isim`) VALUES ('54','FERİZLİ');
INSERT INTO `ilce` (`il_id`,`isim`) VALUES ('54','GEYVE');
INSERT INTO `ilce` (`il_id`,`isim`) VALUES ('54','KARAPÜRÇEK');
INSERT INTO `ilce` (`il_id`,`isim`) VALUES ('54','KARASU');
INSERT INTO `ilce` (`il_id`,`isim`) VALUES ('54','KAYNARCA');
INSERT INTO `ilce` (`il_id`,`isim`) VALUES ('54','KOCAALİ');
INSERT INTO `ilce` (`il_id`,`isim`) VALUES ('54','PAMUKOVA');
INSERT INTO `ilce` (`il_id`,`isim`) VALUES ('54','SAPANCA');
INSERT INTO `ilce` (`il_id`,`isim`) VALUES ('54','SÖĞÜTLÜ');
INSERT INTO `ilce` (`il_id`,`isim`) VALUES ('54','TARAKLI');
INSERT INTO `ilce` (`il_id`,`isim`) VALUES ('55','ATAKUM');
INSERT INTO `ilce` (`il_id`,`isim`) VALUES ('55','İLKADIM');
INSERT INTO `ilce` (`il_id`,`isim`) VALUES ('55','CANİK');
INSERT INTO `ilce` (`il_id`,`isim`) VALUES ('55','TEKKEKÖY');
INSERT INTO `ilce` (`il_id`,`isim`) VALUES ('55','ALAÇAM');
INSERT INTO `ilce` (`il_id`,`isim`) VALUES ('55','ASARCIK');
INSERT INTO `ilce` (`il_id`,`isim`) VALUES ('55','AYVACIK');
INSERT INTO `ilce` (`il_id`,`isim`) VALUES ('55','BAFRA');
INSERT INTO `ilce` (`il_id`,`isim`) VALUES ('55','ÇARŞAMBA');
INSERT INTO `ilce` (`il_id`,`isim`) VALUES ('55','HAVZA');
INSERT INTO `ilce` (`il_id`,`isim`) VALUES ('55','KAVAK');
INSERT INTO `ilce` (`il_id`,`isim`) VALUES ('55','LADİK');
INSERT INTO `ilce` (`il_id`,`isim`) VALUES ('55','19 MAYIS(BALLICA)');
INSERT INTO `ilce` (`il_id`,`isim`) VALUES ('55','SALIPAZARI');
INSERT INTO `ilce` (`il_id`,`isim`) VALUES ('55','TERME');
INSERT INTO `ilce` (`il_id`,`isim`) VALUES ('55','VEZİRKÖPRÜ');
INSERT INTO `ilce` (`il_id`,`isim`) VALUES ('55','YAKAKENT');
INSERT INTO `ilce` (`il_id`,`isim`) VALUES ('56','SİİRT');
INSERT INTO `ilce` (`il_id`,`isim`) VALUES ('56','BAYKAN');
INSERT INTO `ilce` (`il_id`,`isim`) VALUES ('56','ERUH');
INSERT INTO `ilce` (`il_id`,`isim`) VALUES ('56','KURTALAN');
INSERT INTO `ilce` (`il_id`,`isim`) VALUES ('56','PERVARİ');
INSERT INTO `ilce` (`il_id`,`isim`) VALUES ('56','AYDINLAR');
INSERT INTO `ilce` (`il_id`,`isim`) VALUES ('56','ŞİRVAN');
INSERT INTO `ilce` (`il_id`,`isim`) VALUES ('57','SİNOP');
INSERT INTO `ilce` (`il_id`,`isim`) VALUES ('57','AYANCIK');
INSERT INTO `ilce` (`il_id`,`isim`) VALUES ('57','BOYABAT');
INSERT INTO `ilce` (`il_id`,`isim`) VALUES ('57','DİKMEN');
INSERT INTO `ilce` (`il_id`,`isim`) VALUES ('57','DURAĞAN');
INSERT INTO `ilce` (`il_id`,`isim`) VALUES ('57','ERFELEK');
INSERT INTO `ilce` (`il_id`,`isim`) VALUES ('57','GERZE');
INSERT INTO `ilce` (`il_id`,`isim`) VALUES ('57','SARAYDÜZÜ');
INSERT INTO `ilce` (`il_id`,`isim`) VALUES ('57','TÜRKELİ');
INSERT INTO `ilce` (`il_id`,`isim`) VALUES ('58','SİVAS');
INSERT INTO `ilce` (`il_id`,`isim`) VALUES ('58','AKINCILAR');
INSERT INTO `ilce` (`il_id`,`isim`) VALUES ('58','ALTINYAYLA');
INSERT INTO `ilce` (`il_id`,`isim`) VALUES ('58','DİVRİĞİ');
INSERT INTO `ilce` (`il_id`,`isim`) VALUES ('58','DOĞANŞAR');
INSERT INTO `ilce` (`il_id`,`isim`) VALUES ('58','GEMEREK');
INSERT INTO `ilce` (`il_id`,`isim`) VALUES ('58','GÖLOVA');
INSERT INTO `ilce` (`il_id`,`isim`) VALUES ('58','GÜRÜN');
INSERT INTO `ilce` (`il_id`,`isim`) VALUES ('58','HAFİK');
INSERT INTO `ilce` (`il_id`,`isim`) VALUES ('58','İMRANLI');
INSERT INTO `ilce` (`il_id`,`isim`) VALUES ('58','KANGAL');
INSERT INTO `ilce` (`il_id`,`isim`) VALUES ('58','KOYULHİSAR');
INSERT INTO `ilce` (`il_id`,`isim`) VALUES ('58','SUŞEHRİ');
INSERT INTO `ilce` (`il_id`,`isim`) VALUES ('58','ŞARKIŞLA');
INSERT INTO `ilce` (`il_id`,`isim`) VALUES ('58','ULAŞ');
INSERT INTO `ilce` (`il_id`,`isim`) VALUES ('58','YILDIZELİ');
INSERT INTO `ilce` (`il_id`,`isim`) VALUES ('58','ZARA');
INSERT INTO `ilce` (`il_id`,`isim`) VALUES ('59','TEKİRDAĞ');
INSERT INTO `ilce` (`il_id`,`isim`) VALUES ('59','ÇERKEZKÖY');
INSERT INTO `ilce` (`il_id`,`isim`) VALUES ('59','ÇORLU');
INSERT INTO `ilce` (`il_id`,`isim`) VALUES ('59','HAYRABOLU');
INSERT INTO `ilce` (`il_id`,`isim`) VALUES ('59','MALKARA');
INSERT INTO `ilce` (`il_id`,`isim`) VALUES ('59','MARMARAEREĞLİSİ');
INSERT INTO `ilce` (`il_id`,`isim`) VALUES ('59','MURATLI');
INSERT INTO `ilce` (`il_id`,`isim`) VALUES ('59','SARAY');
INSERT INTO `ilce` (`il_id`,`isim`) VALUES ('59','ŞARKÖY');
INSERT INTO `ilce` (`il_id`,`isim`) VALUES ('60','TOKAT');
INSERT INTO `ilce` (`il_id`,`isim`) VALUES ('60','ALMUS');
INSERT INTO `ilce` (`il_id`,`isim`) VALUES ('60','ARTOVA');
INSERT INTO `ilce` (`il_id`,`isim`) VALUES ('60','BAŞÇİFTLİK');
INSERT INTO `ilce` (`il_id`,`isim`) VALUES ('60','ERBAA');
INSERT INTO `ilce` (`il_id`,`isim`) VALUES ('60','NİKSAR');
INSERT INTO `ilce` (`il_id`,`isim`) VALUES ('60','PAZAR');
INSERT INTO `ilce` (`il_id`,`isim`) VALUES ('60','REŞADİYE');
INSERT INTO `ilce` (`il_id`,`isim`) VALUES ('60','SULUSARAY');
INSERT INTO `ilce` (`il_id`,`isim`) VALUES ('60','TURHAL');
INSERT INTO `ilce` (`il_id`,`isim`) VALUES ('60','YEŞİLYURT');
INSERT INTO `ilce` (`il_id`,`isim`) VALUES ('60','ZİLE');
INSERT INTO `ilce` (`il_id`,`isim`) VALUES ('61','TRABZON');
INSERT INTO `ilce` (`il_id`,`isim`) VALUES ('61','AKÇAABAT');
INSERT INTO `ilce` (`il_id`,`isim`) VALUES ('61','ARAKLI');
INSERT INTO `ilce` (`il_id`,`isim`) VALUES ('61','ARSİN');
INSERT INTO `ilce` (`il_id`,`isim`) VALUES ('61','BEŞİKDÜZÜ');
INSERT INTO `ilce` (`il_id`,`isim`) VALUES ('61','ÇARŞIBAŞI');
INSERT INTO `ilce` (`il_id`,`isim`) VALUES ('61','ÇAYKARA');
INSERT INTO `ilce` (`il_id`,`isim`) VALUES ('61','DERNEKPAZARI');
INSERT INTO `ilce` (`il_id`,`isim`) VALUES ('61','DÜZKÖY');
INSERT INTO `ilce` (`il_id`,`isim`) VALUES ('61','HAYRAT');
INSERT INTO `ilce` (`il_id`,`isim`) VALUES ('61','KÖPRÜBAŞI');
INSERT INTO `ilce` (`il_id`,`isim`) VALUES ('61','MAÇKA');
INSERT INTO `ilce` (`il_id`,`isim`) VALUES ('61','OF');
INSERT INTO `ilce` (`il_id`,`isim`) VALUES ('61','SÜRMENE');
INSERT INTO `ilce` (`il_id`,`isim`) VALUES ('61','ŞALPAZARI');
INSERT INTO `ilce` (`il_id`,`isim`) VALUES ('61','TONYA');
INSERT INTO `ilce` (`il_id`,`isim`) VALUES ('61','VAKFIKEBİR');
INSERT INTO `ilce` (`il_id`,`isim`) VALUES ('61','YOMRA');
INSERT INTO `ilce` (`il_id`,`isim`) VALUES ('62','TUNCELİ');
INSERT INTO `ilce` (`il_id`,`isim`) VALUES ('62','ÇEMİŞGEZEK');
INSERT INTO `ilce` (`il_id`,`isim`) VALUES ('62','HOZAT');
INSERT INTO `ilce` (`il_id`,`isim`) VALUES ('62','MAZGİRT');
INSERT INTO `ilce` (`il_id`,`isim`) VALUES ('62','NAZIMİYE');
INSERT INTO `ilce` (`il_id`,`isim`) VALUES ('62','OVACIK');
INSERT INTO `ilce` (`il_id`,`isim`) VALUES ('62','PERTEK');
INSERT INTO `ilce` (`il_id`,`isim`) VALUES ('62','PÜLÜMÜR');
INSERT INTO `ilce` (`il_id`,`isim`) VALUES ('63','ŞANLIURFA');
INSERT INTO `ilce` (`il_id`,`isim`) VALUES ('63','AKÇAKALE');
INSERT INTO `ilce` (`il_id`,`isim`) VALUES ('63','BİRECİK');
INSERT INTO `ilce` (`il_id`,`isim`) VALUES ('63','BOZOVA');
INSERT INTO `ilce` (`il_id`,`isim`) VALUES ('63','CEYLANPINAR');
INSERT INTO `ilce` (`il_id`,`isim`) VALUES ('63','HALFETİ');
INSERT INTO `ilce` (`il_id`,`isim`) VALUES ('63','HARRAN');
INSERT INTO `ilce` (`il_id`,`isim`) VALUES ('63','HİLVAN');
INSERT INTO `ilce` (`il_id`,`isim`) VALUES ('63','SİVEREK');
INSERT INTO `ilce` (`il_id`,`isim`) VALUES ('63','SURUÇ');
INSERT INTO `ilce` (`il_id`,`isim`) VALUES ('63','VİRANŞEHİR');
INSERT INTO `ilce` (`il_id`,`isim`) VALUES ('64','UŞAK');
INSERT INTO `ilce` (`il_id`,`isim`) VALUES ('64','BANAZ');
INSERT INTO `ilce` (`il_id`,`isim`) VALUES ('64','EŞME');
INSERT INTO `ilce` (`il_id`,`isim`) VALUES ('64','KARAHALLI');
INSERT INTO `ilce` (`il_id`,`isim`) VALUES ('64','SİVASLI');
INSERT INTO `ilce` (`il_id`,`isim`) VALUES ('64','ULUBEY');
INSERT INTO `ilce` (`il_id`,`isim`) VALUES ('65','VAN');
INSERT INTO `ilce` (`il_id`,`isim`) VALUES ('65','BAHÇESARAY');
INSERT INTO `ilce` (`il_id`,`isim`) VALUES ('65','BAŞKALE');
INSERT INTO `ilce` (`il_id`,`isim`) VALUES ('65','ÇALDIRAN');
INSERT INTO `ilce` (`il_id`,`isim`) VALUES ('65','ÇATAK');
INSERT INTO `ilce` (`il_id`,`isim`) VALUES ('65','EDREMİT(GÜMÜŞDERE)');
INSERT INTO `ilce` (`il_id`,`isim`) VALUES ('65','ERCİŞ');
INSERT INTO `ilce` (`il_id`,`isim`) VALUES ('65','GEVAŞ');
INSERT INTO `ilce` (`il_id`,`isim`) VALUES ('65','GÜRPINAR');
INSERT INTO `ilce` (`il_id`,`isim`) VALUES ('65','MURADİYE');
INSERT INTO `ilce` (`il_id`,`isim`) VALUES ('65','ÖZALP');
INSERT INTO `ilce` (`il_id`,`isim`) VALUES ('65','SARAY');
INSERT INTO `ilce` (`il_id`,`isim`) VALUES ('66','YOZGAT');
INSERT INTO `ilce` (`il_id`,`isim`) VALUES ('66','AKDAĞMADENİ');
INSERT INTO `ilce` (`il_id`,`isim`) VALUES ('66','AYDINCIK');
INSERT INTO `ilce` (`il_id`,`isim`) VALUES ('66','BOĞAZLIYAN');
INSERT INTO `ilce` (`il_id`,`isim`) VALUES ('66','ÇANDIR');
INSERT INTO `ilce` (`il_id`,`isim`) VALUES ('66','ÇAYIRALAN');
INSERT INTO `ilce` (`il_id`,`isim`) VALUES ('66','ÇEKEREK');
INSERT INTO `ilce` (`il_id`,`isim`) VALUES ('66','KADIŞEHRİ');
INSERT INTO `ilce` (`il_id`,`isim`) VALUES ('66','SARAYKENT');
INSERT INTO `ilce` (`il_id`,`isim`) VALUES ('66','SARIKAYA');
INSERT INTO `ilce` (`il_id`,`isim`) VALUES ('66','SORGUN');
INSERT INTO `ilce` (`il_id`,`isim`) VALUES ('66','ŞEFAATLİ');
INSERT INTO `ilce` (`il_id`,`isim`) VALUES ('66','YENİFAKILI');
INSERT INTO `ilce` (`il_id`,`isim`) VALUES ('66','YERKÖY');
INSERT INTO `ilce` (`il_id`,`isim`) VALUES ('67','ZONGULDAK');
INSERT INTO `ilce` (`il_id`,`isim`) VALUES ('67','ALAPLI');
INSERT INTO `ilce` (`il_id`,`isim`) VALUES ('67','ÇAYCUMA');
INSERT INTO `ilce` (`il_id`,`isim`) VALUES ('67','DEVREK');
INSERT INTO `ilce` (`il_id`,`isim`) VALUES ('67','KARADENİZEREĞLİ');
INSERT INTO `ilce` (`il_id`,`isim`) VALUES ('67','GÖKÇEBEY');
INSERT INTO `ilce` (`il_id`,`isim`) VALUES ('68','AKSARAY');
INSERT INTO `ilce` (`il_id`,`isim`) VALUES ('68','AĞAÇÖREN');
INSERT INTO `ilce` (`il_id`,`isim`) VALUES ('68','ESKİL');
INSERT INTO `ilce` (`il_id`,`isim`) VALUES ('68','GÜLAĞAÇ(AĞAÇLI)');
INSERT INTO `ilce` (`il_id`,`isim`) VALUES ('68','GÜZELYURT');
INSERT INTO `ilce` (`il_id`,`isim`) VALUES ('68','ORTAKÖY');
INSERT INTO `ilce` (`il_id`,`isim`) VALUES ('68','SARIYAHŞİ');
INSERT INTO `ilce` (`il_id`,`isim`) VALUES ('69','BAYBURT');
INSERT INTO `ilce` (`il_id`,`isim`) VALUES ('69','AYDINTEPE');
INSERT INTO `ilce` (`il_id`,`isim`) VALUES ('69','DEMİRÖZÜ');
INSERT INTO `ilce` (`il_id`,`isim`) VALUES ('70','KARAMAN');
INSERT INTO `ilce` (`il_id`,`isim`) VALUES ('70','AYRANCI');
INSERT INTO `ilce` (`il_id`,`isim`) VALUES ('70','BAŞYAYLA');
INSERT INTO `ilce` (`il_id`,`isim`) VALUES ('70','ERMENEK');
INSERT INTO `ilce` (`il_id`,`isim`) VALUES ('70','KAZIMKARABEKİR');
INSERT INTO `ilce` (`il_id`,`isim`) VALUES ('70','SARIVELİLER');
INSERT INTO `ilce` (`il_id`,`isim`) VALUES ('71','KIRIKKALE');
INSERT INTO `ilce` (`il_id`,`isim`) VALUES ('71','BAHŞİLİ');
INSERT INTO `ilce` (`il_id`,`isim`) VALUES ('71','BALIŞEYH');
INSERT INTO `ilce` (`il_id`,`isim`) VALUES ('71','ÇELEBİ');
INSERT INTO `ilce` (`il_id`,`isim`) VALUES ('71','DELİCE');
INSERT INTO `ilce` (`il_id`,`isim`) VALUES ('71','KARAKEÇİLİ');
INSERT INTO `ilce` (`il_id`,`isim`) VALUES ('71','KESKİN');
INSERT INTO `ilce` (`il_id`,`isim`) VALUES ('71','SULAKYURT');
INSERT INTO `ilce` (`il_id`,`isim`) VALUES ('71','YAHŞİHAN');
INSERT INTO `ilce` (`il_id`,`isim`) VALUES ('72','BATMAN');
INSERT INTO `ilce` (`il_id`,`isim`) VALUES ('72','BEŞİRİ');
INSERT INTO `ilce` (`il_id`,`isim`) VALUES ('72','GERCÜŞ');
INSERT INTO `ilce` (`il_id`,`isim`) VALUES ('72','HASANKEYF');
INSERT INTO `ilce` (`il_id`,`isim`) VALUES ('72','KOZLUK');
INSERT INTO `ilce` (`il_id`,`isim`) VALUES ('72','SASON');
INSERT INTO `ilce` (`il_id`,`isim`) VALUES ('73','ŞIRNAK');
INSERT INTO `ilce` (`il_id`,`isim`) VALUES ('73','BEYTÜŞŞEBAP');
INSERT INTO `ilce` (`il_id`,`isim`) VALUES ('73','CİZRE');
INSERT INTO `ilce` (`il_id`,`isim`) VALUES ('73','GÜÇLÜKONAK');
INSERT INTO `ilce` (`il_id`,`isim`) VALUES ('73','İDİL');
INSERT INTO `ilce` (`il_id`,`isim`) VALUES ('73','SİLOPİ');
INSERT INTO `ilce` (`il_id`,`isim`) VALUES ('73','ULUDERE');
INSERT INTO `ilce` (`il_id`,`isim`) VALUES ('74','BARTIN');
INSERT INTO `ilce` (`il_id`,`isim`) VALUES ('74','AMASRA');
INSERT INTO `ilce` (`il_id`,`isim`) VALUES ('74','KURUCAŞİLE');
INSERT INTO `ilce` (`il_id`,`isim`) VALUES ('74','ULUS');
INSERT INTO `ilce` (`il_id`,`isim`) VALUES ('75','ARDAHAN');
INSERT INTO `ilce` (`il_id`,`isim`) VALUES ('75','ÇILDIR');
INSERT INTO `ilce` (`il_id`,`isim`) VALUES ('75','DAMAL');
INSERT INTO `ilce` (`il_id`,`isim`) VALUES ('75','GÖLE');
INSERT INTO `ilce` (`il_id`,`isim`) VALUES ('75','HANAK');
INSERT INTO `ilce` (`il_id`,`isim`) VALUES ('75','POSOF');
INSERT INTO `ilce` (`il_id`,`isim`) VALUES ('76','IĞDIR');
INSERT INTO `ilce` (`il_id`,`isim`) VALUES ('76','ARALIK');
INSERT INTO `ilce` (`il_id`,`isim`) VALUES ('76','KARAKOYUNLU');
INSERT INTO `ilce` (`il_id`,`isim`) VALUES ('76','TUZLUCA');
INSERT INTO `ilce` (`il_id`,`isim`) VALUES ('77','YALOVA');
INSERT INTO `ilce` (`il_id`,`isim`) VALUES ('77','ALTINOVA');
INSERT INTO `ilce` (`il_id`,`isim`) VALUES ('77','ARMUTLU');
INSERT INTO `ilce` (`il_id`,`isim`) VALUES ('77','ÇİFTLİKKÖY');
INSERT INTO `ilce` (`il_id`,`isim`) VALUES ('77','ÇINARCIK');
INSERT INTO `ilce` (`il_id`,`isim`) VALUES ('77','TERMAL');
INSERT INTO `ilce` (`il_id`,`isim`) VALUES ('78','KARABÜK');
INSERT INTO `ilce` (`il_id`,`isim`) VALUES ('78','EFLANİ');
INSERT INTO `ilce` (`il_id`,`isim`) VALUES ('78','ESKİPAZAR');
INSERT INTO `ilce` (`il_id`,`isim`) VALUES ('78','OVACIK');
INSERT INTO `ilce` (`il_id`,`isim`) VALUES ('78','SAFRANBOLU');
INSERT INTO `ilce` (`il_id`,`isim`) VALUES ('78','YENİCE');
INSERT INTO `ilce` (`il_id`,`isim`) VALUES ('79','KİLİS');
INSERT INTO `ilce` (`il_id`,`isim`) VALUES ('79','ELBEYLİ');
INSERT INTO `ilce` (`il_id`,`isim`) VALUES ('79','MUSABEYLİ');
INSERT INTO `ilce` (`il_id`,`isim`) VALUES ('79','POLATELİ');
INSERT INTO `ilce` (`il_id`,`isim`) VALUES ('80','OSMANİYE');
INSERT INTO `ilce` (`il_id`,`isim`) VALUES ('80','BAHÇE');
INSERT INTO `ilce` (`il_id`,`isim`) VALUES ('80','DÜZİÇİ');
INSERT INTO `ilce` (`il_id`,`isim`) VALUES ('80','HASANBEYLİ');
INSERT INTO `ilce` (`il_id`,`isim`) VALUES ('80','KADİRLİ');
INSERT INTO `ilce` (`il_id`,`isim`) VALUES ('80','SUMBAS');
INSERT INTO `ilce` (`il_id`,`isim`) VALUES ('80','TOPRAKKALE');
INSERT INTO `ilce` (`il_id`,`isim`) VALUES ('81','DÜZCE');
INSERT INTO `ilce` (`il_id`,`isim`) VALUES ('81','AKÇAKOCA');
INSERT INTO `ilce` (`il_id`,`isim`) VALUES ('81','CUMAYERİ');
INSERT INTO `ilce` (`il_id`,`isim`) VALUES ('81','ÇİLİMLİ');
INSERT INTO `ilce` (`il_id`,`isim`) VALUES ('81','GÖLYAKA');
INSERT INTO `ilce` (`il_id`,`isim`) VALUES ('81','GÜMÜŞOVA');
INSERT INTO `ilce` (`il_id`,`isim`) VALUES ('81','KAYNAŞLI');
INSERT INTO `ilce` (`il_id`,`isim`) VALUES ('81','YIĞILCA');


INSERT INTO `yarizaman`.`ilan` (`ilan_id`, `aciklama`, `baslik`, `calisma_saatleri`, `calisma_tipi`, `ilan_tarihi`, `ilce`, `mahalle`, `ucret`, `il_id`, `user_id`) VALUES ('1', 'Satış elemanı aranıyor', '212 defactoda çalışacak satış elamını aranıyor', 'skdfj', 'dkfj', 'skdjf', 'sdkfj', 'dkfj', '200', '1', '1');

INSERT INTO `yarizaman`.`ilan` (`ilan_id`, `aciklama`, `baslik`, `calisma_saatleri`, `calisma_tipi`, `ilan_tarihi`, `ilce`, `mahalle`, `ucret`, `il_id`, `user_id`) VALUES ('2', 'Satış elemanı aranıyor', 'Marmara parkta flo magazamızda çalışacak eleman aranıyor', 'skdfj', 'dkfj', 'skdjf', 'sdkfj', 'dkfj', '200', '34', '1');

INSERT INTO `yarizaman`.`ilan` (`ilan_id`, `aciklama`, `baslik`, `calisma_saatleri`, `calisma_tipi`, `ilan_tarihi`, `ilce`, `mahalle`, `ucret`, `il_id`, `user_id`) VALUES ('3', 'Satış elemanı aranıyor', '212 defactoda çalışacak satış elamını aranıyor', 'skdfj', 'dkfj', 'skdjf', 'sdkfj', 'dkfj', '200', '1', '1');

INSERT INTO `yarizaman`.`ilan` (`ilan_id`, `aciklama`, `baslik`, `calisma_saatleri`, `calisma_tipi`, `ilan_tarihi`, `ilce`, `mahalle`, `ucret`, `il_id`, `user_id`) VALUES ('4', 'Bayacı Arıyorum', 'Evimi boyatmak için boyacı arıyorum. Ev 2+1 100 m2 dir', 'skdfj', 'dkfj', 'skdjf', 'sdkfj', 'dkfj', '200', '34', '1');

INSERT INTO `yarizaman`.`ilan` (`ilan_id`, `aciklama`, `baslik`, `calisma_saatleri`, `calisma_tipi`, `ilan_tarihi`, `ilce`, `mahalle`, `ucret`, `il_id`, `user_id`) VALUES ('5', 'Tmizlikçi', '212 defactoda çalışacak satış elamını aranıyor', 'skdfj', 'dkfj', 'skdjf', 'sdkfj', 'dkfj', '200', '1', '1');

INSERT INTO `yarizaman`.`ilan` (`ilan_id`, `aciklama`, `baslik`, `calisma_saatleri`, `calisma_tipi`, `ilan_tarihi`, `ilce`, `mahalle`, `ucret`, `il_id`, `user_id`) VALUES ('6', 'Satış elemanı aranıyor', 'Marmara parkta flo magazamızda çalışacak eleman aranıyor', 'skdfj', 'dkfj', 'skdjf', 'sdkfj', 'dkfj', '200', '34', '1');

INSERT INTO `yarizaman`.`ilan` (`ilan_id`, `aciklama`, `baslik`, `calisma_saatleri`, `calisma_tipi`, `ilan_tarihi`, `ilce`, `mahalle`, `ucret`, `il_id`, `user_id`) VALUES ('7', 'Satış elemanı aranıyor', '212 defactoda çalışacak satış elamını aranıyor', 'skdfj', 'dkfj', 'skdjf', 'sdkfj', 'dkfj', '200', '1', '1');

INSERT INTO `yarizaman`.`ilan` (`ilan_id`, `aciklama`, `baslik`, `calisma_saatleri`, `calisma_tipi`, `ilan_tarihi`, `ilce`, `mahalle`, `ucret`, `il_id`, `user_id`) VALUES ('8', 'Satış elemanı aranıyor', 'Marmara parkta flo magazamızda çalışacak eleman aranıyor', 'skdfj', 'dkfj', 'skdjf', 'sdkfj', 'dkfj', '200', '34', '1');

INSERT INTO `yarizaman`.`ilan` (`ilan_id`, `aciklama`, `baslik`, `calisma_saatleri`, `calisma_tipi`, `ilan_tarihi`, `ilce`, `mahalle`, `ucret`, `il_id`, `user_id`) VALUES ('9', 'Satış elemanı aranıyor', '212 defactoda çalışacak satış elamını aranıyor', 'skdfj', 'dkfj', 'skdjf', 'sdkfj', 'dkfj', '200', '1', '1');

INSERT INTO `yarizaman`.`ilan` (`ilan_id`, `aciklama`, `baslik`, `calisma_saatleri`, `calisma_tipi`, `ilan_tarihi`, `ilce`, `mahalle`, `ucret`, `il_id`, `user_id`) VALUES ('10', 'Satış elemanı aranıyor', 'Marmara parkta flo magazamızda çalışacak eleman aranıyor', 'skdfj', 'dkfj', 'skdjf', 'sdkfj', 'dkfj', '200', '34', '1');

INSERT INTO `yarizaman`.`ilan` (`ilan_id`, `aciklama`, `baslik`, `calisma_saatleri`, `calisma_tipi`, `ilan_tarihi`, `ilce`, `mahalle`, `ucret`, `il_id`, `user_id`) VALUES ('11', 'Satış elemanı aranıyor', 'Marmara parkta flo magazamızda çalışacak eleman aranıyor', 'skdfj', 'dkfj', 'skdjf', 'sdkfj', 'dkfj', '200', '34', '1');


